1;Throws-Logging-UI-User Preferences-Utils-Data Structure-IO-Network
7;IO-Utils-Throws-Logging-Network-UI-User Preferences-Data Structure
10;Data Structure-Utils
11;Utils-Text Utility-IO-Data Structure
15;Concurrency-Logging-Data Structure
18;IO-Network-User Preferences-Logging-Data Structure-UI-Throws-Utils-Dependency
19;Data Structure-IO-Logging-UI-Dependency-Utils
22;IO-Utils-Data Structure-Logging
24;Data Structure-Utils
27;Logging-Data-Data Structure-XML
29;Utils
32;Utils-Data Structure
35;Data Structure-Network-Utils-UI-IO-Logging-Throws-User Preferences
43;IO-Network-UI-Data Structure-Throws-Logging-User Preferences-Utils
44;Network-Data Structure-Logging-UI-User Preferences-IO-Utils-Throws
45;Data Structure-User Preferences-Throws-Logging-Network-IO-Utils-UI
46;Logging-Data Structure-Network-IO-Throws-UI-User Preferences-Utils
47;Data Structure
48;Logging-IO-Utils-UI-Network-Data Structure
49;Data Structure-Network-Logging-IO-UI-Utils
55;IO-Data Structure-UI-Logging-Network-Utils
56;IO-Data Structure-Network-Utils-Logging-UI
65;HTTP-Data-Network-XML-Logging-UI-OpenOffice Documents-Database-Monitoring-Utils-IO-Data Structure-Dependency
66;IO-Utils
74;IO-Utils-XML-Logging-Test-Data Structure
75;UI-Utils
77;Utils-IO-Logging-Data Structure-Runtime-Network-Test-UI
93;Test
96;Data Structure-Test-Utils-Throws-Logging
100;UI-Data Structure
101;Logging-Test-IO-Data-Utils-Network
105;Logging-Database-OpenOffice Documents-HTTP-Runtime-Concurrency-Dependency-Data Structure-Monitoring-Network-IO-UI-Utils
108;Utils
127;Test
137;Logging-IO-Data Structure-UI-Utils-Dependency
140;Utils-Logging-Runtime-UI-Data Structure
143;UI
147;User Preferences-Data Structure-Network-Throws-UI-IO-Utils-Logging
150;Data Structure-Utils-Network-IO-Throws-Dependency-User Preferences-Logging-UI
162;UI-IO-Logging-Utils-Runtime-Throws-User Preferences-Data Structure-Network
164;UI-Throws-Network-Utils-User Preferences-Data Structure-Logging-IO
165;Data Structure-IO-Utils-UI-Throws-Network-Logging-User Preferences
166;Network-Data Structure-Logging-Utils-IO-UI-Throws-User Preferences
175;Throws-Logging-IO-Network-Data Structure-UI-Utils-User Preferences
176;HTTP-Throws-Logging-XML-Data Structure-Network-Database-UI-Dependency-Concurrency-Test-CommandLine-Data-IO-Utils-Monitoring-OpenOffice Documents-User Preferences
178;Utils-Logging-Throws-Data Structure
192;Test
200;UI
205;Logging-IO-Data Structure
206;Utils-UI-Data Structure
215;Test
217;UI-Network-Data Structure-Utils-IO-CommandLine-Logging
225;Network-IO-XML-OpenOffice Documents-UI-Logging-Data Structure-Dependency-Data-Utils
227;Data Structure-Utils-UI
228;Concurrency-Data Structure
232;Test-IO-Data Structure-Utils
235;Network-Logging-Data Structure-IO-Utils
236;IO-Network-UI-Logging-Utils-OpenOffice Documents-Runtime-Data Structure
237;Runtime-Utils-Logging-Test-IO-Data Structure
239;Utils-IO-Network-Data Structure-Logging-UI
241;IO-Data Structure-Network-UI-Logging-Utils-User Preferences-Throws
248;UI
253;UI-Throws-User Preferences-Logging-Data Structure-IO-Utils-Network
259;Data-Network-Logging-UI-XML-Utils-Data Structure-HTTP-Text Utility-IO-OpenOffice Documents
261;Data Structure-Logging-Network-Utils-UI-IO
264;Data Structure-UI-Network-Utils-Logging-IO
266;Data Structure-Utils
267;User Preferences-Utils-Throws-IO-UI-Data Structure-Network-Logging-Dependency
272;Data Structure-Logging-Utils-IO-UI
274;Data Structure-IO-UI-Network-Utils-Logging
276;Logging-Data Structure
280;Utils-User Preferences-Logging-IO-UI-Network-Data Structure-Throws
283;Network-UI-IO-Data Structure-Logging-Utils
286;Logging-Utils-IO-Data Structure-Test-Runtime
287;Data Structure-Logging-HTTP-Network-Utils-IO-Data
292;Test-Logging-Runtime-HTTP-OpenOffice Documents-Utils-IO-Data Structure-Memory-UI-Network
298;Utils-UI-Network-Runtime-Data Structure-Logging-OpenOffice Documents-IO
299;Utils-Network-XML-UI-IO-Data Structure-Logging-OpenOffice Documents-Data-Database
301;Utils-Data Structure-HTTP-Network-IO
302;UI-Text Utility-Data Structure-Data-IO-OpenOffice Documents-Dependency-Network-Utils-Logging-Database-Runtime-XML
303;Logging-HTTP-IO-Network-Data Structure-Data-Utils
304;Data Structure-IO-Logging-Utils-Test-Runtime
305;Text Utility-UI-Test-Network-Logging-Data Structure-HTTP-Utils-IO
306;Test-IO-Data Structure
308;Data Structure-Logging-Throws-Utils-IO-UI-Network-User Preferences
309;Data Structure-HTTP-Utils-IO-Network
310;IO-Data Structure-Utils-Test
311;IO-Runtime-UI-Network-OpenOffice Documents-Logging-Utils-Data Structure
320;Network-Logging-User Preferences-IO-Data Structure-Utils-UI-Throws
329;Utils-Data Structure
330;IO-Network-Logging-Data Structure-Utils-UI
331;OpenOffice Documents-Text Utility-Network-Logging-IO-Throws-Data Structure-UI-Test-Dependency-Utils-User Preferences-XML-Data
332;UI-Data Structure-Logging-Runtime-Utils
334;Logging-Network-IO-UI-Data Structure-Utils
335;Database-IO-Logging-Utils-Test-UI-Data Structure
336;Utils-UI-Test-Data Structure
337;IO-Data Structure-Logging-Utils
340;UI-Data Structure
342;Utils-Test-IO