1;Throws-Logging-UI-User Preferences-Utils-Data Structure-IO-Network
7;IO-Utils-Throws-Logging-Network-UI-User Preferences-Data Structure
10;Data Structure-Utils
11;Utils-Text Utility-IO-Data Structure
15;Concurrency-Logging-Data Structure
18;IO-Network-User Preferences-Logging-Data Structure-UI-Throws-Utils-Dependency
19;Data Structure-IO-Logging-UI-Dependency-Utils
22;IO-Utils-Data Structure-Logging
24;Data Structure-Utils
27;Logging-Data-Data Structure-XML
29;Utils
32;Utils-Data Structure
35;Data Structure-Network-Utils-UI-IO-Logging-Throws-User Preferences
43;IO-Network-UI-Data Structure-Throws-Logging-User Preferences-Utils
44;Network-Data Structure-Logging-UI-User Preferences-IO-Utils-Throws
45;Data Structure-User Preferences-Throws-Logging-Network-IO-Utils-UI
46;Logging-Data Structure-Network-IO-Throws-UI-User Preferences-Utils
47;Data Structure
48;Logging-IO-Utils-UI-Network-Data Structure
49;Data Structure-Network-Logging-IO-UI-Utils
55;IO-Data Structure-UI-Logging-Network-Utils
56;IO-Data Structure-Network-Utils-Logging-UI
65;HTTP-Data-Network-XML-Logging-UI-OpenOffice Documents-Database-Monitoring-Utils-IO-Data Structure-Dependency
66;IO-Utils
74;IO-Utils-XML-Logging-Test-Data Structure
75;UI-Utils
77;Utils-IO-Logging-Data Structure-Runtime-Network-Test-UI
93;Test
96;Data Structure-Test-Utils-Throws-Logging
100;UI-Data Structure
101;Logging-Test-IO-Data-Utils-Network
105;Logging-Database-OpenOffice Documents-HTTP-Runtime-Concurrency-Dependency-Data Structure-Monitoring-Network-IO-UI-Utils
108;Utils
127;Test
137;Logging-IO-Data Structure-UI-Utils-Dependency
140;Utils-Logging-Runtime-UI-Data Structure
143;UI
147;User Preferences-Data Structure-Network-Throws-UI-IO-Utils-Logging
150;Data Structure-Utils-Network-IO-Throws-Dependency-User Preferences-Logging-UI
162;UI-IO-Logging-Utils-Runtime-Throws-User Preferences-Data Structure-Network
164;UI-Throws-Network-Utils-User Preferences-Data Structure-Logging-IO
165;Data Structure-IO-Utils-UI-Throws-Network-Logging-User Preferences
166;Network-Data Structure-Logging-Utils-IO-UI-Throws-User Preferences
175;Throws-Logging-IO-Network-Data Structure-UI-Utils-User Preferences
176;HTTP-Throws-Logging-XML-Data Structure-Network-Database-UI-Dependency-Concurrency-Test-CommandLine-Data-IO-Utils-Monitoring-OpenOffice Documents-User Preferences
178;Utils-Logging-Throws-Data Structure
192;Test
200;UI
205;Logging-IO-Data Structure
206;Utils-UI-Data Structure
215;Test
217;UI-Network-Data Structure-Utils-IO-CommandLine-Logging
225;Network-IO-XML-OpenOffice Documents-UI-Logging-Data Structure-Dependency-Data-Utils
227;Data Structure-Utils-UI
228;Concurrency-Data Structure
232;Test-IO-Data Structure-Utils
235;Network-Logging-Data Structure-IO-Utils
236;IO-Network-UI-Logging-Utils-OpenOffice Documents-Runtime-Data Structure
237;Runtime-Utils-Logging-Test-IO-Data Structure
239;Utils-IO-Network-Data Structure-Logging-UI
241;IO-Data Structure-Network-UI-Logging-Utils-User Preferences-Throws
248;UI
253;UI-Throws-User Preferences-Logging-Data Structure-IO-Utils-Network
259;Data-Network-Logging-UI-XML-Utils-Data Structure-HTTP-Text Utility-IO-OpenOffice Documents
261;Data Structure-Logging-Network-Utils-UI-IO
264;Data Structure-UI-Network-Utils-Logging-IO
266;Data Structure-Utils
267;User Preferences-Utils-Throws-IO-UI-Data Structure-Network-Logging-Dependency
272;Data Structure-Logging-Utils-IO-UI
274;Data Structure-IO-UI-Network-Utils-Logging
276;Logging-Data Structure
280;Utils-User Preferences-Logging-IO-UI-Network-Data Structure-Throws
283;Network-UI-IO-Data Structure-Logging-Utils
286;Logging-Utils-IO-Data Structure-Test-Runtime
287;Data Structure-Logging-HTTP-Network-Utils-IO-Data
292;Test-Logging-Runtime-HTTP-OpenOffice Documents-Utils-IO-Data Structure-Memory-UI-Network
298;Utils-UI-Network-Runtime-Data Structure-Logging-OpenOffice Documents-IO
299;Utils-Network-XML-UI-IO-Data Structure-Logging-OpenOffice Documents-Data-Database
301;Utils-Data Structure-HTTP-Network-IO
302;UI-Text Utility-Data Structure-Data-IO-OpenOffice Documents-Dependency-Network-Utils-Logging-Database-Runtime-XML
303;Logging-HTTP-IO-Network-Data Structure-Data-Utils
304;Data Structure-IO-Logging-Utils-Test-Runtime
305;Text Utility-UI-Test-Network-Logging-Data Structure-HTTP-Utils-IO
306;Test-IO-Data Structure
308;Data Structure-Logging-Throws-Utils-IO-UI-Network-User Preferences
309;Data Structure-HTTP-Utils-IO-Network
310;IO-Data Structure-Utils-Test
311;IO-Runtime-UI-Network-OpenOffice Documents-Logging-Utils-Data Structure
320;Network-Logging-User Preferences-IO-Data Structure-Utils-UI-Throws
329;Utils-Data Structure
330;IO-Network-Logging-Data Structure-Utils-UI
331;OpenOffice Documents-Text Utility-Network-Logging-IO-Throws-Data Structure-UI-Test-Dependency-Utils-User Preferences-XML-Data
332;UI-Data Structure-Logging-Runtime-Utils
334;Logging-Network-IO-UI-Data Structure-Utils
335;Database-IO-Logging-Utils-Test-UI-Data Structure
336;Utils-UI-Test-Data Structure
337;IO-Data Structure-Logging-Utils
340;UI-Data Structure
342;Utils-Test-IO
343;UI-Logging-Utils-IO-Data Structure
351;Test-Utils-Network-Logging-IO-UI-Data Structure
354;Network-Utils-IO-Test-Data Structure
356;Data Structure-Utils-IO
357;Test-Data Structure
359;Logging-Utils-Network-UI-IO-Dependency-Data-Data Structure
361;Database-IO-Utils-Data Structure-Logging
370;Data Structure-Logging-Database-Utils-IO
373;Data Structure-Utils-IO
374;IO-Data Structure-UI-Utils-Logging-Dependency
375;Utils-Data Structure
377;Utils-IO-UI-Logging-Data Structure
378;Utils-Data Structure
379;XML-Logging-Security-Test-Data-UI-Network-Data Structure-Utils-IO-Concurrency
380;Data Structure-Utils-UI-IO-Logging-Dependency
381;User Preferences-UI-Utils-Data Structure-Logging-Network-Throws-IO
394;IO-Logging-Network-Data Structure-Utils-Dependency-UI
396;UI-Logging-OpenOffice Documents-HTTP-Throws-Database-XML-Data-Network-Utils-Data Structure-User Preferences-Test-IO-Security
401;Utils-HTTP-Network-IO-XML-Data Structure
403;Data Structure-Throws-Test-Utils-Logging
406;Data Structure-UI
418;Network-Utils
422;Utils-UI-Network-Data Structure-Logging-IO
433;Data Structure-IO-Test
440;Utils-Logging-Data Structure-Test
441;Logging
449;Test
450;Utils-Data-IO-Logging-Data Structure-Network
452;UI
456;Text Utility
459;User Preferences-Utils-UI-Logging-Data Structure-Throws-IO-Network
464;Network-OpenOffice Documents-Utils-Data-UI-XML-Data Structure-IO-Logging
468;Data Structure-Test-Logging-Utils
472;User Preferences-UI-Data Structure-Throws-Network-Utils-Logging-IO
474;Utils-UI-Test-User Preferences-IO-Throws-Data Structure-Logging-Network
475;Data Structure-Network-UI-Logging-Utils-IO
478;Data Structure-IO-Utils
484;CommandLine-Logging-Data Structure
485;Data Structure-IO-Utils
486;Data Structure-Test
488;UI-Data-XML-Utils-IO-Network-Logging-Data Structure-OpenOffice Documents
491;Data Structure-Utils-Network-IO-UI-Logging
500;Concurrency-Logging-HTTP-Text Utility-XML-IO-Test-Data-Utils-Runtime-OpenOffice Documents-Security-Data Structure-UI-Dependency-Network
501;IO-Utils-Logging-Data Structure
502;UI-Utils
507;Test-IO-Utils-Logging-UI-Data Structure-Network-Annotation 
508;Data Structure-IO-Test-Network
509;Test
515;Network-Data Structure-Test-IO-Utils
519;Utils-Data Structure-UI
530;Logging-Runtime-Data Structure-IO-UI-Network-OpenOffice Documents-Utils
531;IO-Utils-Data Structure
536;Data Structure-Utils
542;Network-User Preferences-OpenOffice Documents-Test-XML-Logging-Dependency-Data Structure-Data-UI-Throws-Utils-IO
547;Utils-IO-Data Structure-Test
553;Utils-Data Structure-IO
554;IO-Data Structure-Utils
557;OpenOffice Documents-User Preferences-Data Structure-Network-Utils-UI-Logging-IO-Data-Throws-XML-Test
560;Dependency-Data Structure-UI-Test-Network-IO-Utils-Logging
566;UI
567;Utils-Logging-IO-Test-Runtime-Dependency-Data Structure-UI
568;Logging-Data Structure-IO
569;IO-Data Structure-Test
572;User Preferences-Logging-Test-Data Structure-Dependency-Utils-IO-UI-Network-Throws
575;Utils-Test-Data Structure-Logging-IO
577;Logging-Network-Data-XML-Utils-UI-IO-Data Structure-Test-OpenOffice Documents
580;Utils-Data Structure
581;Concurrency-Security-Utils-Data Structure-UI-Logging-Dependency-Data-IO-Network-XML
582;Utils
584;Utils-Logging-UI-Data Structure-IO-Network
585;Logging-IO-Utils-Data Structure-UI
594;Data Structure-OpenOffice Documents-Runtime-Throws-IO-Logging-Utils-UI-User Preferences-Network
595;Utils-HTTP-Network
596;Throws-UI-Data Structure-Utils-Network-User Preferences-IO-Logging
597;IO-UI-Concurrency-Logging-Data Structure-Utils-Network
601;OpenOffice Documents-UI-Utils-Logging-Data Structure-Runtime-IO-Network
603;Runtime-Data Structure-Test-IO-Logging-Utils
605;Test-Utils-Network-UI-User Preferences-Logging-Throws-Data Structure-CommandLine-IO
606;UI-Data Structure-Logging-Data-XML-IO-OpenOffice Documents-Utils-Network-Test
641;OpenOffice Documents-Concurrency-Utils-HTTP-UI-Data-IO-Test-Network-Logging-Runtime-Data Structure-Monitoring
643;Utils-Data Structure-IO-Test
648;UI-IO-Data Structure-Logging-Utils
652;IO-Test-User Preferences-Logging-Network-Data Structure-Utils-UI-Throws
658;Data Structure-Utils-UI-Throws-Logging-IO-User Preferences-Network
660;IO-Test-Utils-Data Structure
677;Database-Data Structure-IO-Logging-Utils
683;Network-IO-Logging-Data Structure-Test-Utils
690;Logging-Data Structure-Utils-IO
691;Dependency-UI-IO
693;Dependency-IO-Data-XML-Concurrency-Network-HTTP-Logging-Data Structure-UI-Utils-OpenOffice Documents
695;Logging-UI-Utils-IO-Data Structure-Network
699;Logging-IO-Network-Runtime-Utils-Data Structure-Dependency-UI
703;Network-Data Structure-UI-Utils-IO-Logging
708;Throws-Logging-UI-IO-Network-Data Structure-User Preferences-Utils-HTTP-Text Utility
711;Logging-Data Structure-IO-Utils-Network-User Preferences-UI-Throws-Test
715;OpenOffice Documents-Runtime-Data-IO-Dependency-Data Structure-Network-Concurrency-Test-Utils-UI-Logging
716;Test-Network-IO-Data Structure-Utils
718;Utils-UI-Logging-Data Structure-Network-IO
719;Utils-Throws-User Preferences-IO-Network-UI-Logging-Data Structure
722;IO-Runtime-UI-Logging-Dependency-Utils-Data Structure
727;Data Structure-Concurrency-Utils-Runtime-Data-OpenOffice Documents-Network-Security-Logging-IO-XML-UI
728;UI-Utils-User Preferences-Logging-Network-IO-Throws-Data Structure
729;UI-Logging-IO-Data Structure-Utils
732;Test
733;Network-Logging-IO-UI-Data Structure-Utils
734;Dependency-Data Structure-IO-Utils-UI-Logging
739;IO-Test-Network-Security-Runtime-Data Structure-Logging-Utils-HTTP
740;Test
744;Utils-Network-Logging-Data Structure-IO-UI
747;Data-Logging-Concurrency-Network-Data Structure-IO-Utils-UI
748;Logging-IO-OpenOffice Documents-Utils-UI-Network-Runtime-Data Structure
752;Utils
753;IO-Logging-Data Structure-Utils
755;Data Structure-Dependency-Test-Logging-Network-Concurrency-XML-Utils-IO-UI
758;UI-Runtime-Network-Test-HTTP-Data Structure-Utils-XML-IO-Text Utility-OpenOffice Documents-Data-Logging
760;Test-Network-UI-IO-Utils-Logging-Data Structure
762;Data Structure-Utils-Concurrency-Runtime-IO-OpenOffice Documents-Logging-UI-Network
765;UI-Data Structure
771;UI-Data Structure-IO-Utils
784;Data Structure-IO-UI-Logging-Utils-OpenOffice Documents-Runtime-Network
787;UI-Data Structure-Utils-Data-HTTP-Logging-Network-IO
793;UI-Data Structure-IO-Network-Runtime-Logging-Utils-OpenOffice Documents
795;Utils-Network-Data Structure-Logging-UI-IO
797;Test-IO-UI-Throws-Data Structure-User Preferences-Utils-Network-Logging
805;Utils-UI-IO-Network-Data Structure-Logging
806;Test-Network-Utils-Data Structure-Logging
807;Text Utility-Data-Utils-Memory-Concurrency-Test-Runtime-Logging-IO-Dependency-UI-User Preferences-XML-Data Structure-OpenOffice Documents-HTTP-Throws-Network
808;Logging-UI-Test-Data Structure-Utils-HTTP-IO-Concurrency-Network
813;XML-Utils-Data Structure-Logging
827;UI-Dependency-IO
830;Utils-Test
832;UI-Logging-OpenOffice Documents-Network-Runtime-IO-Data Structure-Utils
841;Test-Data Structure-Utils-IO
842;Utils-Data Structure-Test-IO
843;Test-IO-XML-Dependency-Utils-UI-Logging-Data Structure
847;Data Structure-Test-IO-Utils
848;IO-Utils-Dependency-Database-UI-Network-Logging-Text Utility-Data Structure
849;Runtime-IO-UI-Utils-Data Structure-Logging-Text Utility-Test
851;IO-Test-Utils-Data Structure
852;UI-Network-Data Structure-Utils-Logging-IO-Dependency-Throws-User Preferences
853;Data Structure-Test-Utils
863;Data Structure-IO-Logging-Throws-Test-User Preferences-Network-Utils-XML-Dependency-Runtime-HTTP-Data-Concurrency-UI-OpenOffice Documents
864;Utils-Runtime-IO-UI-Test-Dependency-Network-Logging-Data Structure
865;OpenOffice Documents-Logging-Utils-XML-IO-Test-Dependency-Network-Data-UI-Data Structure
866;Network-UI-Data Structure-Utils-Logging-IO
868;Utils-UI-Test-IO-Data Structure
874;Network-IO-UI-Utils-Data Structure-OpenOffice Documents-Logging-Test-Runtime
875;IO-Data Structure-Logging-Utils
877;UI-Data Structure-Utils
879;Data Structure-Utils-Logging-Test-IO
884;Data Structure-Utils
886;Test-Utils-Data Structure-Logging-IO-Text Utility
887;Data Structure-Utils
894;OpenOffice Documents-Logging-Network-IO-Data-XML-UI-Utils-Runtime-Dependency-Data Structure-Test
897;Utils-Network-Data Structure-IO-XML-Concurrency-Dependency-UI-Text Utility-Logging
899;Logging-Test-Utils-Data Structure-IO
901;Utils-IO-Runtime-Network-OpenOffice Documents-Data Structure-UI-Logging
903;Utils-Data Structure-IO-Logging-Test
904;Logging-IO-Data Structure
905;Text Utility-UI-Utils-IO-Data Structure-Network-Logging-Dependency
907;Test-IO-Data Structure-Network
910;UI-XML-IO-Network-Utils-Logging-Concurrency-Test-Data Structure
912;Utils-HTTP-IO-Concurrency-Logging-UI-Data Structure-Network
915;User Preferences-Utils-UI-Logging-IO-Data Structure-Throws-Network
917;IO-Network-Data Structure-Throws-User Preferences-Dependency-UI-Utils-Logging
918;UI-Data Structure-XML-Data-OpenOffice Documents-Logging-Network-IO-Dependency-Test-Utils-Runtime
924;Logging-Utils-IO-Network-UI-Data Structure
925;Test-IO-Utils-Data Structure-Network
926;UI-Logging-Data Structure-IO-Utils
928;Data Structure-Utils-UI-IO-Logging-Network
929;Data Structure-IO-Utils
930;Logging-IO-Network-Utils-Data Structure-UI
931;IO-Network-Data Structure-UI-Utils-Logging
937;UI-IO-Utils-Network-Logging-Data Structure
939;Data Structure-Test-Utils
944;HTTP-Data Structure-Network-IO-Utils
946;Utils-Test-IO-Data Structure-Network
947;Network
948;Data Structure-Utils-IO-HTTP-Network
949;IO-HTTP-Utils-Data Structure-Network
951;Network-Utils-Data Structure-IO
956;IO-Network-UI-Logging-Data Structure-Utils-Database
961;Utils-IO-Data Structure-UI-Logging-Runtime-Network
964;Logging-Data Structure-Utils-UI-Network-IO
965;User Preferences-Throws-Logging-IO-Data Structure-Network-Utils-UI
968;Dependency-UI-Network-Data Structure-Utils-Throws-Logging-IO
974;Data Structure-Test
979;UI-Utils-Data Structure-Logging-IO
980;Network-Runtime-IO-OpenOffice Documents-Logging-Data Structure-Utils-UI
981;Utils-Logging-Concurrency-CommandLine-Data Structure
982;Logging-Utils-Data Structure-Test-IO
983;Network-Test-UI-Utils-IO-Logging-Dependency-Data Structure
986;Test-HTTP-Logging-Text Utility-Utils-Network-IO-Data Structure
988;IO-Data Structure-UI-Dependency-Logging-Utils
992;Data Structure-UI-Utils
996;Test-Data-Security-Logging-IO-XML-Utils-UI-Concurrency-Data Structure-Network
998;Data Structure-UI-Utils
999;UI-Test-Utils-Annotation -Data Structure
1002;UI-Logging-IO-Throws-Network-Utils-User Preferences-Data Structure
1003;Utils-IO-UI-Data Structure
1006;UI-Data Structure-Logging-IO-Dependency-Network-Utils
1007;Network-Utils-Test-Data Structure-IO
1008;Logging-IO-Utils-Throws-User Preferences-Data Structure-Network-UI
1009;UI-Concurrency-Logging-Network-Utils-IO-Data Structure
1010;Data Structure-IO-Test
1014;IO-Network-Data Structure-Utils-UI-Logging-Test
1016;UI-Data Structure-IO-Network-Utils-Logging
1022;Utils-UI-Data Structure
1025;Logging-Data-Network-Utils-IO-Test-HTTP-Data Structure
1027;Dependency-Test-Logging-UI-Utils-IO-Runtime-Network-Data Structure
1028;IO-Utils-XML-Security-Logging-Concurrency-Network-Data-Data Structure-Dependency-UI
1029;UI
1032;Utils-Data Structure-UI-Test-Text Utility
1036;Utils-Logging-Data Structure-IO
1037;Logging-Utils-UI-IO-Runtime-Data Structure-Network
1039;Logging-Utils-Network-IO-Data Structure-Test
1040;Text Utility-Dependency-Data Structure-UI-IO-Logging-Test-Utils
1041;Data Structure-IO-Utils-Test
1042;Logging-Test-OpenOffice Documents-Data Structure-Runtime-UI-Network-Utils-IO
1045;Utils-UI-IO-Network-Data Structure-Logging
1046;Utils-IO-Logging-Data Structure-Test-Runtime
1048;Database-Data Structure-Utils-Logging-IO
1050;UI-IO-Dependency-Data Structure-Utils
1052;Utils-IO-Data Structure
1054;IO
1056;UI-Logging-IO-Network-Data Structure-Utils
1061;Test-Database-Utils-IO-Logging-Data Structure-UI-Dependency-Monitoring-HTTP-Data-CommandLine-Network
1066;Throws-UI-Utils-Logging-IO-Network-Data Structure-User Preferences
1071;Data Structure-Runtime-UI-OpenOffice Documents-Concurrency-Utils-IO-Logging-Network
1072;UI-Data Structure
1075;IO-Data Structure-UI-Network-Logging-Utils
1078;Data Structure-Utils-IO
1079;IO-Utils-Data Structure-Network-Test
1083;User Preferences-Security-CommandLine-Data-Data Structure-Utils-IO-OpenOffice Documents-Network-Text Utility-Test-Dependency-Concurrency-XML-UI-Throws-JDK-Logging-Runtime
1084;Utils-Data Structure
1086;Utils-Network-Data Structure-UI-Logging-IO
1089;IO-Data Structure-Logging-Dependency-UI-Utils
1090;Utils-Network-Logging-Data Structure-UI-IO
1093;UI-Network-Utils-Data Structure-Logging-IO
1102;Logging-Security-Data Structure-IO-UI-Data-Network-Concurrency-XML-Utils
1103;Network-Data-Data Structure-Concurrency-JDK-Test-UI-IO-XML-Security-Utils-Logging
1110;Data Structure-IO-Utils-Dependency-UI-Logging
1114;Data Structure-Test-UI
1116;IO-Network-Text Utility-UI-Utils-XML-Data-Runtime-Dependency-Logging-Data Structure-Security-Concurrency
1118;Data Structure-Logging-Test-Utils-IO-JDK
1126;Utils-Data Structure-IO-UI-Logging
1135;Annotation -Test
1138;IO-Test-Data Structure-Utils
1142;Utils-Text Utility-Test-UI-Data Structure-IO
1144;IO-HTTP-Utils-Logging-UI-Monitoring-Data Structure
1146;Throws-User Preferences-Logging-Data Structure-UI-Network-Utils-IO
1147;Utils-Data Structure-IO-Test
1149;Test-Utils-IO-Data Structure
1159;Test
1160;Data Structure-Utils
1161;Test-Data Structure
1167;Utils-UI
1168;Network-Text Utility-Data Structure-XML-Utils-Logging-Concurrency-UI
1170;Utils-Data Structure-Throws-Logging-UI-IO-Network-User Preferences
1184;IO-Test
1192;Network-IO-Logging-UI-Utils-Data Structure
1195;Data Structure-UI-Utils-Logging-Throws-IO
1200;Logging-UI-IO-Utils-Throws-Data Structure
1201;IO-Data Structure-Test-Utils
1202;Logging-UI-IO-Utils-Data-Network-Data Structure-HTTP
1205;Utils-Logging-IO-Database-Data Structure
1206;Data Structure-Logging-Network-Utils-UI-IO
1207;Data-Data Structure-IO-Test-Logging-Network-XML-Utils
1208;Utils-IO-Data Structure-Test
1215;Data Structure
1216;Annotation -Utils-Logging-Concurrency-Network-Test-User Preferences-UI-CommandLine-IO-Database-Throws-Data-Data Structure
1217;Logging-Data Structure-Utils-Network-XML-Test-Concurrency-IO-UI
1218;UI-Data Structure-IO-Utils-Logging
1229;IO-Data Structure-Utils-UI-Logging-User Preferences-Throws-Network
1230;IO-Database-Runtime-Dependency-UI-Utils-Data Structure-Network-Logging-Concurrency
1238;Utils-Data Structure-IO-Test
1240;User Preferences-Data Structure-Throws-Utils-UI-Logging-IO-Network
1241;XML-Data Structure-Network-IO-Utils-Test
1244;Utils-Data Structure-UI
1246;Data Structure-IO-Test-Network
1250;Network-Monitoring-UI-IO-Utils-Logging-Test-Data Structure-Throws-HTTP-Dependency-User Preferences
1260;Data Structure-Utils-UI
1261;Utils-Data Structure
1262;Data Structure-IO-Utils
1265;OpenOffice Documents-UI-Runtime-Utils-Data Structure-IO-Network-Dependency-Logging-Test-HTTP-Data
1273;Logging-IO-Network-Utils-UI-Data Structure
1278;Utils-Data Structure-IO-Test
1279;Test-Utils-IO-Data Structure
1281;Data Structure-Test-IO-Logging-XML-Concurrency-Text Utility-Network-UI-Utils
1282;Utils-Test-Data Structure
1296;IO-Data Structure-Network-Utils-Test
1297;Logging-XML-Concurrency-Network-UI-Data Structure-Utils
1298;IO-Utils-Data Structure
1300;IO-Data Structure-Network-UI-Logging-Dependency-Utils
1301;UI-Dependency-Network-Logging-IO-Data Structure-Utils
1304;UI-HTTP-IO-Utils-Monitoring
1308;XML-UI-Logging-Data Structure-Concurrency-IO-Utils-Network
1309;Concurrency-Network-Data Structure-XML-UI-Utils-Logging
1310;Data Structure-Logging-IO-UI-Utils-Network
1317;Annotation -Test
1318;Data Structure-Test-UI-Utils-IO
1329;Throws-Network-IO-Utils-Logging-User Preferences-Data Structure-UI
1330;Test-Utils
1335;Data Structure-UI-Utils
1348;Test-Utils
1349;Utils-IO-Data Structure
1350;Utils-IO-Test-Data Structure-Logging-Network
1355;Utils-Test-Data Structure-UI
1368;IO-Logging-Utils-Data Structure
1374;IO-Data Structure-Logging-Utils-UI
1375;Utils-Network-HTTP
1376;Utils
1377;UI-Throws-Data-Network-XML-Test-Utils-Concurrency-Logging-OpenOffice Documents-Runtime-IO-JDK-Annotation -User Preferences-Monitoring-Text Utility-Dependency-Data Structure-HTTP-CommandLine
1383;Dependency-IO-Data Structure-Text Utility-Utils-Logging-UI-HTTP-Network
1384;Network-Utils-Data Structure-Logging-UI-XML-Concurrency
1386;Utils-UI-Concurrency-Data-Logging-XML-IO-Security-Network-Data Structure
1387;Data Structure-Logging-Utils-UI
1388;Utils-Data Structure
1389;Data Structure-IO-Utils
1390;Logging-UI-Test-Dependency-Utils-IO-Data Structure
1397;IO-Utils-Data Structure
1401;Data Structure-IO-Test
1403;Data Structure-Logging-UI-IO-Utils
1405;Logging-Data Structure-XML-Utils-UI-Concurrency-Network
1409;HTTP-UI-Data Structure-Monitoring-Text Utility-Utils-IO
1411;Data Structure-Utils-IO-Test
1427;Data Structure-Throws-Network-Logging-UI-Utils-IO-User Preferences
1429;UI-Data Structure-Utils
1438;IO-Network-UI-Logging-Data Structure-Utils
1440;Test-Data Structure-Utils-IO
1442;Utils-Data Structure
1443;Data Structure-Test-Utils
1451;Logging-Data-Dependency-Test-Data Structure-Database-Concurrency-UI-XML-Network-Utils-User Preferences-Security-IO-Throws
1453;Test-Utils-Network-Data Structure-User Preferences-UI-IO-Logging-Throws
1459;User Preferences-IO-Test-CommandLine-Logging-Data-UI-Database-Throws-Utils-Data Structure-Network
1460;Data Structure-Utils-UI-Network-Test-Data-Logging-IO
1463;UI-Data Structure-Utils-IO-Logging-Network
1464;Test
1466;Data Structure-Utils
1471;Test-IO-Data Structure
1472;Data Structure-IO-JDK-Test-Utils
1474;OpenOffice Documents-UI-Network-Data-XML-Data Structure-IO-Utils-Logging
1479;Utils-Data Structure-IO-Logging-Data
1480;Test-Utils-Data Structure-Database-UI-Network-Logging-Throws-IO-Text Utility-Data-HTTP-Dependency
1483;Test-Data Structure-Utils-Logging-UI
1486;Data Structure
1487;Test
1501;Test-IO-Data Structure-Network-Utils
1511;Data Structure-Utils-IO-UI-Logging-Network-Text Utility
1520;Network-Data Structure-Test-IO
1524;Annotation -Test
1526;UI-Dependency
1532;Test-Utils-Data Structure
1546;Data Structure-Network-Logging-Dependency-Utils-UI-IO-Data
1548;Data Structure-Utils
1549;Concurrency-Data Structure-IO-UI-Network-Throws-Logging-Dependency-Utils
1552;Data Structure-Utils
1557;Database-Data Structure-Logging-Network-IO-Utils-Dependency-UI
1561;OpenOffice Documents-UI-Data Structure-Utils-Logging-IO
1563;Utils-XML-Logging-Data-IO-Data Structure-Security-Concurrency-UI-Network
1565;Data Structure-Utils
1567;IO-Data-UI-Network-Utils-Logging-Data Structure-HTTP-OpenOffice Documents
1568;Utils-Data Structure-Test
1569;UI-IO-Logging-Data Structure-Concurrency-XML-Security-Network-Utils-Data
1570;Utils-Data Structure-Test
1571;UI-Runtime-Dependency-Utils-Logging-HTTP-Data Structure-Monitoring-IO-Network
1572;Security-User Preferences-Logging-Monitoring-Dependency-Data Structure-Text Utility-Data-Concurrency-XML-Network-OpenOffice Documents-Throws-Test-Runtime-UI-HTTP-IO-Utils
1573;Utils-Data Structure-Test
1574;Utils-Data Structure-IO-Test
1576;Logging-UI-Utils-Dependency-Data Structure-IO
1577;Network-Data Structure-Utils
1581;Data Structure-Utils-Monitoring-UI-HTTP-Test-IO
1583;Data-XML-Data Structure-UI-Concurrency-Security-IO-Network-Logging-Utils
1584;Text Utility-Utils
1586;Utils-Network
1588;Data Structure-UI
1590;Test-Utils-Data Structure-Network
1591;UI-IO-Network-Utils-HTTP-Test-Data Structure-Data
1593;Utils-Data Structure-Test-IO
1594;Data Structure-Network-IO-Test-Utils
1595;Test-HTTP-Runtime-Data-Dependency-UI-IO-Data Structure-Utils-Network-OpenOffice Documents-Logging
1596;Utils-Network-UI-Logging-IO-Data Structure
1599;OpenOffice Documents-Data Structure-Network-Logging-Runtime-IO-Utils-UI
1601;Data Structure-Test-Utils
1604;IO-Data Structure-Utils-Logging-Network
1606;Data Structure
1607;Data Structure-IO-Logging-CommandLine-UI-Dependency-Network-Utils
1611;Utils-IO-Data Structure-Test-Network
1616;Monitoring-IO-CommandLine-Concurrency-XML-Text Utility-User Preferences-Data Structure-UI-Data-HTTP-Network-Utils-Runtime-Security-Dependency-Test-Logging-OpenOffice Documents-JDK-Throws
1617;Data Structure-IO-Data-Network-Logging-UI-XML-Utils
1618;Logging-Utils-Data Structure-IO
1619;IO-Logging-Utils-Data Structure
1620;Test-Data Structure-Utils
1622;Data Structure-Test
1623;IO-UI-Text Utility-Utils-Data Structure-Dependency-Logging
1626;Security-XML-Data-Network-Logging-User Preferences-Dependency-Database-UI-IO-Test-Throws-Concurrency-Data Structure-Utils
1627;Data-Network-Utils-Data Structure-IO-UI-Text Utility-Throws-User Preferences-Logging
1630;Data-UI-IO-Network-Utils-OpenOffice Documents-Data Structure-Runtime-Logging
1631;Utils-Data Structure-IO-Network
1635;Test-Data Structure-IO
1636;Test-IO-Data Structure
1638;Test-Data Structure-Utils-IO
1644;Throws-Utils-Logging-Data Structure-IO-Network-UI-User Preferences
1648;Data Structure-Data-Utils-IO-Network-Database-Logging-XML-Test
1650;Security-XML-IO-UI-Logging-Data-Data Structure-Network-Concurrency-Utils
1651;User Preferences-Test-Throws-Data Structure-Utils-Network-Logging-UI-IO
1652;Utils-Runtime-Logging-UI-OpenOffice Documents-IO-Data Structure-Network
1654;Logging-Data Structure-Utils
1655;Dependency-UI-Data Structure-Utils-IO-Logging
1656;Network-Test-Data Structure
1659;Logging-Data Structure-Network-IO-Utils-UI
1660;Database-Network-UI-IO-Utils-Data Structure-Dependency-Logging
1662;IO-Network-Test
1666;Logging-Data Structure-Utils-Runtime-Data-IO
1671;IO-Network-Utils-UI-Logging-Data Structure
1672;IO-Logging-Database-Network-UI-Utils-Data Structure-User Preferences-Throws
1673;UI-JDK-IO-Runtime-Network-Utils-Test-Logging-OpenOffice Documents-Data Structure
1675;Utils-Data Structure-IO
1676;Test-Runtime-Data-IO-Security-Network-Data Structure-Utils-UI-Concurrency-XML-Dependency-Logging
1677;Data Structure-Logging-Security-XML-IO-Test-Concurrency-Network-UI-Data-Utils
1678;Network-OpenOffice Documents-Runtime-Data Structure-Logging-IO-Utils-UI
1683;Logging-UI-Runtime-Data Structure-OpenOffice Documents-IO-Network-Utils
1685;Utils-HTTP-Network
1688;Utils-Data Structure-Test-Network-IO
1693;UI-Logging-Utils-Data Structure-IO
1695;CommandLine-Data Structure-IO-Network-Throws-Logging-UI-Utils-Test
1696;Network-Utils-Data Structure-IO-XML-Test
1699;Utils-Data Structure-IO-Test
1706;Logging-IO-Utils-Data Structure
1717;Utils-Test-IO-Data Structure
1720;Data Structure-Concurrency-Utils-Logging
1728;Logging-Runtime-Data Structure-OpenOffice Documents-UI-Network-IO-Data-Utils-Dependency
1731;Data-Throws-Logging-JDK-XML-Runtime-Text Utility-Network-UI-Utils-Dependency-IO-Database-Test-Data Structure
1732;Data Structure-IO-Network-Logging-UI-Utils
1733;UI-Concurrency-XML-Utils-Data Structure-Network-Logging
1734;Utils-Test-Data Structure
1736;Test
1737;Network-Dependency-Database-Runtime-XML-Test-IO-Text Utility-Data-Data Structure-UI-Logging-Utils
1738;IO-Logging-Data Structure-Utils-Test
1740;Data Structure-Network-Test-Utils-IO
1743;UI-Network-Utils-Data Structure-Logging-IO
1752;IO-Test-Utils-Data Structure-UI
1755;Utils-Test-Data Structure
1756;Database-Data Structure-Logging-IO-UI
1761;Data Structure
1765;Logging-Utils-Data-XML-IO-Data Structure
1766;Data Structure
1769;IO-Logging-Data Structure-Runtime-Data-Utils
1770;UI
1772;Logging-Network-User Preferences-Data Structure-Throws-Dependency-Utils-Database-IO-UI
1773;Data Structure-Logging-UI-Utils-Throws-IO-Network-User Preferences
1777;Logging-Network-Database-Utils-Data Structure
1780;XML-IO-Utils-Data Structure-Data-Network-HTTP-Logging
1781;User Preferences-Logging-Utils-Test-UI-Throws-Network-IO-Data Structure
1782;Network-Data Structure-UI-Utils-IO-Test
1783;Data Structure
1786;Network-Data Structure-Utils-User Preferences-CommandLine-IO-Throws-Test-UI-Database-Dependency-Logging
1787;Utils-UI-Data Structure-Logging-Throws-IO-User Preferences-Network
1791;IO-Data Structure-Utils-Test-UI-Logging-Dependency
1793;Utils-Data Structure-IO-Logging
1794;Data-Logging-HTTP-Test-Security-Utils-Data Structure-IO-UI-Network-Concurrency-XML
1796;UI-IO-Network-User Preferences-Data Structure-Utils-Logging-Throws-Test
1797;UI
1811;IO-Network-Utils-Data Structure-Logging-UI
1814;Test-Utils-IO-Data Structure
1816;Data Structure-Logging-Utils-UI-IO
1818;Data Structure-Utils-Logging-Network-Test-Database
1822;Test-Data Structure-Utils
1823;Utils-Data Structure
1826;Data Structure-UI-Logging-Network-Utils-IO
1828;Network-IO-Data Structure-Utils-Logging-Test-UI
1830;Utils-Database-Network-Runtime-IO-Logging-UI-Data Structure
1832;UI-Network-IO-Utils-Data Structure-Logging
1837;Text Utility-Utils-Data Structure-Test
1838;XML-Network-Data Structure-Data-Logging-Utils-Dependency-IO-UI-Text Utility-Test
1840;Utils-IO-Logging-Data Structure-UI-Network
1842;Data Structure-Logging-Test-Utils-IO
1844;Utils-Test-IO-Data Structure
1845;Network-Utils-UI-Database
1848;Utils-Data Structure-Test
1856;Logging-Utils-IO-Test-Data Structure-Throws-User Preferences-Network-UI
1857;IO-Utils-Data Structure-Logging-UI
1861;Data Structure-Logging-Utils-Test-IO
1865;Data Structure-IO-Utils-UI-Network-Logging
1867;Utils-Throws-Network-Test-UI-IO-User Preferences-Logging-Data Structure
1868;IO-Utils-User Preferences-Logging-Data Structure-UI-Throws-Network
1869;Throws-Logging-Utils-Test-IO-Data Structure
1870;Test-Text Utility-IO-Security-Runtime-HTTP-Network-UI-Database-Utils-XML-Concurrency-Data-OpenOffice Documents-Logging-Data Structure-Dependency
1872;Network-Database-UI-IO-Data Structure-Utils
1874;OpenOffice Documents-Logging-Dependency-Database-User Preferences-Security-Network-Utils-Throws-UI-XML-IO-Concurrency-Text Utility-Runtime-Data-JDK-Test-Data Structure
1883;Network-Logging-Data-HTTP-Data Structure-Utils-IO
1884;Data Structure-Logging-Utils
1885;Utils-Test
1888;Network-Logging-Data Structure-IO-Utils-UI
1891;Logging-Throws-Utils-Data Structure-IO-User Preferences-Network-Test-UI
1893;UI-Throws-Database-IO-Network-Utils-Dependency-Data Structure-Test-Logging-User Preferences
1894;Data Structure-Utils
1896;Test-Utils
1899;Data Structure-IO-Test-Utils
1906;Utils-Data Structure
1907;IO-Logging-Data Structure
1909;Data-XML-Data Structure-Utils-IO-Logging
1910;Utils-Data Structure-XML
1913;UI-Utils-IO-Logging-XML-Data-Concurrency-Security-Network-Data Structure
1914;Utils
1915;Utils-Data Structure-UI-IO-Logging
1917;Logging-Dependency-IO-UI-Utils-Data Structure
1918;Utils-Data Structure-UI-Runtime-IO-Test
1919;UI-Utils-Network-IO-Logging-Data Structure
1923;Utils-Test-Data Structure
1924;Data Structure-UI-Concurrency-IO-Logging-Throws-Utils-Network-Dependency
1926;Data-Dependency-Utils-Logging-IO-Network-Data Structure-UI-HTTP
1927;Network-IO-UI-Logging-OpenOffice Documents-Utils-Runtime-Data Structure
1928;IO-Latex-Logging-Data Structure
1929;IO-Data Structure-Utils-Network-Test
1930;Runtime-User Preferences-Data Structure-Concurrency-Test-Dependency-XML-Logging-Network-Utils-OpenOffice Documents-UI-Throws-IO
1931;IO-UI-Data Structure-Network-Utils-Logging
1934;Network-Data Structure-IO-UI-Utils-Logging
1935;Dependency-UI
1942;Utils-Data Structure-IO-Logging
1944;Throws-Runtime-User Preferences-Network-UI-Logging-Dependency-Concurrency-Utils-Data Structure-IO-OpenOffice Documents
1947;HTTP-OpenOffice Documents-Data-Concurrency-User Preferences-Logging-Test-Data Structure-IO-Security-Utils-Runtime-Throws-UI-XML-Dependency-Network
1948;Data Structure-Concurrency-XML-Utils-Logging-UI-Network
1950;Data Structure-IO-Test-Network-Utils
1952;UI-Data-Logging-Utils-Test-Throws-Security-Network-Concurrency-XML-Dependency-IO-Data Structure-HTTP
1953;Utils-Network-IO-Data Structure-UI-Logging
1955;Network-User Preferences-OpenOffice Documents-Runtime-Dependency-UI-Security-XML-Logging-Data Structure-Test-Utils-Concurrency-Throws-Data-IO
1961;UI-Network-Data Structure-Logging-Runtime-Utils-IO
1962;Logging-Network-IO-Data Structure-UI-Data-Utils
1964;Utils-Data Structure
1968;Test
1969;Logging-Data Structure-Utils-User Preferences-UI-IO-Throws-CommandLine-Network
1970;Utils-Data Structure
1976;Test-Utils-Data Structure
1981;IO-UI-Logging-Network-Runtime-Utils-Data Structure
1982;Data Structure-Test
1984;UI-Dependency
1988;Annotation -Text Utility-Network-IO-Data Structure-Test-Utils
1990;Utils-Data Structure-UI-IO-Logging-Network
1991;Data Structure-HTTP-Logging-User Preferences-IO-Test-Utils-Network-Throws-UI
1995;Data Structure-Utils
1997;Logging-Utils-Data Structure
1998;Utils-Data Structure-Logging
2004;Utils-Test-Data Structure-Network
2005;Data Structure
2007;UI-Database-IO-Logging-Network-Utils-Test-Data Structure
2009;Data Structure-Database-Logging-Utils
2015;Utils
2023;Data Structure-Utils-JDK-Security-XML-IO-Concurrency-Data-Logging-Test-Network-UI
2024;Data Structure-User Preferences-UI-Text Utility-XML-IO-Security-Runtime-Logging-Network-Database-Data-Test-HTTP-Utils-Throws
2027;UI-Network-Data Structure-IO-Utils-Logging
2028;IO-Utils-Data Structure-Text Utility
2031;IO-Data Structure-UI-Test-Utils
2033;UI-Runtime-Logging-Data Structure-Utils
2034;Network-HTTP-Logging-IO-Data Structure-Data-Utils
2037;Data Structure
2039;IO-UI-Logging-Data Structure-Utils
2040;UI-Utils
2043;JDK-Data Structure-IO-Test-Utils
2044;Test-Utils-Data Structure
2045;Utils
2051;Data Structure-UI-Utils
2055;Database-UI-IO-Logging-User Preferences-Network-Throws-Data Structure-Utils
2059;Data Structure
2066;Test-Utils-Data Structure
2067;Dependency-IO-Logging-Data Structure-UI-Utils
2069;Data-Utils-IO-Runtime-Test-Throws-Network-Data Structure-XML-Dependency-Concurrency-Logging-UI-User Preferences-HTTP
2070;CommandLine-Network-Data Structure-IO-UI-Logging-Database
2071;IO-Data Structure-Utils-Logging-UI
2072;Data Structure-Utils-UI-Logging-IO
2075;UI-IO-Network-Logging-Utils-Data Structure
2077;Utils-IO-Test-XML-Data Structure-Logging
2082;Logging-IO-HTTP-Network-Data Structure-Security
2087;Logging-Data Structure-Utils-UI-IO
2088;Test-Data Structure-IO
2091;XML-Logging-Network-Utils-Data Structure-UI-Concurrency
2094;UI
2097;IO-Utils-Data Structure-UI-Dependency-Logging
2099;Runtime-Utils-UI-IO-Data Structure-Logging-Network
2101;Utils-Data Structure-Test-IO-Network
2102;XML-Concurrency-Data Structure-Logging-UI-Utils-Network
2106;IO-User Preferences-UI-Concurrency-Network-Utils-Test-Dependency-Data Structure-Throws-XML-Runtime-Logging
2112;Test-Database-Data Structure
2114;Logging-UI-Dependency-IO-Data Structure-Utils
2116;Logging-Dependency-IO-UI-Utils-Data Structure
2121;IO-Test-Data Structure
2124;Data Structure-Utils-Test-IO
2126;Logging-Network-IO-Dependency-Data Structure-Utils-UI
2127;Data Structure-UI
2129;Utils-IO-Logging-UI-Network-Data Structure
2131;UI-Data Structure
2132;Data Structure-Data-Utils-HTTP-Network
2139;Test-Data Structure-HTTP-Utils-IO-Network-Logging
2141;Utils
2145;Data Structure-Utils-Network-Data-Logging-IO
2149;UI-Utils-Data Structure-Runtime-Logging
2151;Network-Utils-Data Structure
2152;Test-IO-Data Structure-Utils
2154;Test-Network-Utils-IO
2157;Logging-IO-Network-Data Structure-Utils-UI
2161;Utils-Logging-UI-Data Structure
2162;UI-Data Structure-User Preferences-Test-IO-Dependency-Concurrency-Logging-Data-Utils-Network-Throws-HTTP
2163;Test-IO
2165;Data Structure-IO-Test-Latex-Logging
2167;UI
2169;Test-Data Structure-Utils
2170;Data Structure-Utils-Logging-UI-IO
2175;Utils-UI-Data Structure-Dependency-IO-Logging
2178;Network-Throws-Logging-UI-IO-Data Structure-User Preferences-Dependency-Test-Utils
2179;Utils-Dependency-Logging-IO-Data Structure-UI
2187;Data Structure-Test-IO-Logging-Utils-Concurrency-Network
2193;Data-HTTP-Data Structure-Utils-IO-Network-Logging
2194;Data-IO-Data Structure-User Preferences-Logging-Concurrency-Dependency-Text Utility-HTTP-Database-Throws-XML-UI-Test-Network-Security-Utils
2195;IO-Data-Network-Data Structure-Utils-Logging
2196;Data Structure-Utils-Test
2198;Test-Utils-Data Structure
2199;UI
2202;Test-Data Structure-Utils
2211;Utils-IO-UI-Network-Data Structure-Logging
2212;Logging-HTTP-IO-UI-Text Utility-Utils-Data Structure-Network
2213;HTTP-Network-Data Structure-Dependency-IO-Logging-UI-Utils-Text Utility
2217;Database-UI-Utils-Network
2225;Dependency-Network-Utils-Logging-UI-Data Structure-IO
2226;HTTP-Network-Utils-IO-Data Structure-Test
2229;IO-Data-Logging-Utils-HTTP-Network-Data Structure
2234;UI-Runtime-Utils-Data Structure-Logging
2236;Dependency-Logging-Data Structure-Utils-UI-IO
2248;Data Structure-Utils-Test-IO
2262;Utils-Logging-Data Structure-Runtime
2266;Data Structure-Test-Utils
2278;Network-Utils-Security-Logging-Data Structure-Test-IO-HTTP
2283;Utils-Logging-Data Structure-Network-UI-IO
2286;IO-Data Structure-Utils-Logging
2287;Data Structure-CommandLine-Network-Logging-Concurrency-Utils-UI
2289;Logging-Data Structure-UI-Network-Utils-IO
2291;Runtime-Utils-Test-UI-IO-Data Structure
2295;Database-Logging-Data Structure
2296;Network-Security-Data-Logging-Concurrency-Utils-UI-IO-XML-Data Structure
2300;Data Structure-Network-Logging-IO-Utils-Database
2301;Utils-UI-Logging-IO-Data Structure-Network
2302;Logging-Network-Data Structure-Database-Utils
2303;Test
2306;Test
2310;Utils-Logging-IO-Data Structure-Network-Concurrency-UI
2314;Test-Data Structure-HTTP-Network-Utils
2317;Logging-Throws-Network-Data Structure-Utils-IO-User Preferences-UI
2320;Data-IO-Logging-Test-UI-Network-Throws-Database-OpenOffice Documents-Data Structure-User Preferences-Dependency-Runtime-Utils
2328;IO-UI-Utils-Logging-Data Structure-Test-Network
2331;Logging-UI-Network-IO-Data Structure-Throws-Utils-CommandLine
2333;Data Structure-Test-Database-Utils-Network-IO-Annotation 
2339;Test-Utils-IO-Data Structure
2344;UI-Concurrency-Logging-IO-Utils-Data Structure-Network
2348;Utils-Data Structure-IO
2349;Network-UI-Security-Data Structure-Logging-XML-Utils-Concurrency-IO-Data
2352;Text Utility-Utils-IO-Logging-UI-Dependency-Data Structure
2358;Test-Data Structure-Utils
2361;Test-Data Structure-UI-IO
2363;Logging-UI-Data Structure-IO
2364;Data Structure-Test-Utils
2368;Data Structure-Utils-IO
2372;Utils-Data Structure-UI
2374;Utils-Database-Throws-Logging-User Preferences-Memory-UI-IO-Network-Data Structure-Latex-Test
2375;Utils-User Preferences-Network-Database-Logging-Latex-Memory-Data Structure-Throws-Test-IO-UI
2377;UI-Test-Utils
2383;IO-Logging-Data Structure-Utils-UI-Dependency
2384;Logging-Data Structure-UI-Utils-IO
2386;Utils-Network-Logging-UI-Data Structure-IO-Dependency
2387;UI-Data Structure-IO-Utils
2388;Utils-UI-Data Structure
2396;IO-Network-Logging-Data Structure-Throws-Test-UI-User Preferences-Utils
2400;Data Structure-Utils-Test
2401;Test-IO-Network
2405;Text Utility-Utils-Dependency-Logging-IO-Data Structure-UI
2410;Utils-Data Structure
2414;Data Structure-Test-Utils-IO
2415;Logging-IO-UI-Network-Data Structure-Utils
2416;UI-Data Structure-Utils-Logging
2420;UI-Utils-Logging-IO-Data Structure-Network
2421;HTTP-Utils-Test-Runtime-IO-Network-Logging-Data Structure
2422;IO-Utils-Test-Data Structure
2424;Utils-Test
2425;Test-Logging-Data Structure-UI-Utils-Network-IO
2428;Data Structure-Test-Network-XML-Data-Logging-Utils-IO-HTTP
2433;Data Structure-UI-Utils-Logging-IO
2437;Utils-Data Structure-IO
2438;Utils-Test
2440;Test
2442;Data Structure-Utils
2446;Logging-Utils-UI-Data Structure-IO-Network
2452;Data Structure-Logging-Concurrency-Utils
2457;Data Structure-Logging-UI-Runtime-Utils
2459;UI
2463;Data Structure-Utils-Test
2464;Test
2469;Utils-Network-Data Structure-Logging-IO-UI
2473;HTTP-Utils-Network
2476;IO-Utils-Network-Data Structure
2487;UI-Database-Logging-Test-Network-Throws-Data-Runtime-Utils-IO-Data Structure
2488;UI-Test-IO-Data Structure
2490;Data Structure-UI-Utils-IO
2492;Utils-Test-Data Structure
2499;XML-UI-Network-IO-Logging-Concurrency-Utils-Data Structure
2507;Test
2510;Data Structure-Utils-Text Utility-IO
2519;Utils-Test
2520;Test-Utils
2521;Utils
2527;UI
2529;UI-Data Structure-Network-Utils-Logging-Concurrency-IO
2530;IO-Network-Data Structure-Utils
2531;Network-HTTP-Data-Utils-Data Structure
2532;Latex-Text Utility-Utils
2538;Utils-Data Structure
2541;Utils-IO-Data Structure-Test
2549;Utils
2550;XML-UI-Runtime-Text Utility-Data-CommandLine-Dependency-Throws-Utils-Data Structure-Database-OpenOffice Documents-Logging-Network-IO
2554;UI-Utils-Logging-Network-Data Structure-Memory-IO
2557;Data Structure-Logging-Utils-Dependency-Test-Network-IO-Throws-User Preferences-UI
2558;JDK-Test-Data Structure-IO-Utils
2563;UI-Data Structure-Utils
2564;Utils-Throws-Data Structure-IO-Logging-User Preferences-Network-UI
2567;Logging-UI-IO-Utils-Data Structure-Dependency
2568;Test-Data Structure-Utils
2575;Memory-UI-Utils-User Preferences-Data-IO-Network-Logging-Throws-HTTP-Test-Dependency-Data Structure-Text Utility
2578;Utils-Test
2582;IO-Test-Utils-UI-Data Structure
2583;Data Structure-Test-UI-Utils
2585;HTTP-IO-Security-Network-Data Structure-Logging
2586;Data Structure-Test
2588;Test-Utils-UI-Data Structure
2601;Utils-UI-Network-IO-Data Structure-Logging-Dependency-Test
2610;Test-Utils
2611;IO-UI-Data Structure-Test
2612;Logging-Data Structure-UI-IO-Utils-Network
2614;Dependency-UI-IO-Data Structure-Utils
2616;Data Structure-Utils-UI-Logging-Dependency-IO-Test
2618;Utils-Data Structure-IO-Logging
2621;Data-Data Structure-Utils-Dependency-User Preferences-Network-IO-UI-Throws-Test-Logging-Database
2623;Logging-IO-Data Structure
2624;Logging-IO-Dependency-Text Utility-Data Structure-UI-Utils
2625;Data Structure-Utils-Network-Concurrency-Logging-IO-UI
2628;Utils-Data Structure-IO-Logging
2632;Logging-Utils-Data Structure-UI
2634;IO-Data Structure-UI-Test
2636;IO-Logging-UI-Data Structure-Database
2639;Utils-UI-IO-Network-Data Structure-Logging-Concurrency-XML
2640;Test-Dependency-UI-Data Structure-Text Utility-Utils-IO
2641;Data Structure-IO-UI-Network-HTTP-Text Utility-Utils-Logging
2644;Throws-Data Structure-Utils-IO-User Preferences-UI-Logging-Network
2645;Logging-IO-Network-Utils-Dependency-Data Structure-UI
2649;Network-Logging-HTTP-User Preferences-Throws-Utils-XML-Concurrency-OpenOffice Documents-Runtime-Test-Data Structure-IO-Dependency-Data-UI-Text Utility
2650;UI-Utils-Data Structure
2659;Network-Logging-UI-OpenOffice Documents-Utils-Runtime-IO-Data Structure
2661;Logging-Network-Text Utility-Data Structure-IO-Utils-HTTP-UI
2663;Utils-Test-Data Structure
2666;Concurrency-Test-User Preferences-Text Utility-Data Structure-Throws-Latex-Dependency-Network-XML-Monitoring-UI-HTTP-IO-Data-Logging-CommandLine-Utils-Security
2669;Data Structure-Utils-Test
2670;UI-Text Utility-User Preferences-Latex-HTTP-Monitoring-Throws-Logging-Concurrency-Network-Utils-XML-IO-Data Structure-Data
2681;Utils-UI-IO-Logging-Concurrency
2683;Logging-Data Structure-Dependency-Utils-IO-UI
2684;Data Structure-IO
2688;XML-Test-Utils-Data Structure
2692;Throws-Utils-UI
2696;Test-Utils
2697;UI-Logging-Data Structure-Utils
2699;Test-Utils-IO-Data Structure
2702;Utils-IO
2703;Test-UI-Utils-Data Structure
2704;Network-Test-IO-Utils-Logging-Data Structure
2710;Runtime-HTTP-Utils-IO-UI-Data-Network-Data Structure-XML-Test-Logging
2719;Test-Utils-IO-Data Structure
2723;IO-Data Structure
2724;Test
2726;UI-Logging-IO-Utils-Network-Data Structure
2727;Data Structure-Utils-UI
2731;Network-XML-UI-IO-Test-Logging-Utils-Data Structure-Concurrency
2732;Test
2737;Logging-Monitoring
2744;Test-IO-Data Structure
2747;Test-Network-Data Structure-Logging-Utils-IO
2751;IO-Data Structure-Utils-Test
2752;Test-Latex-Utils-Text Utility
2754;Test-UI-IO-Security-Logging-XML-Network-HTTP-Data-Utils-Concurrency-Data Structure
2759;Utils-Test-IO-Data Structure-Runtime-UI
2767;UI-Logging-Network-Utils-IO-Data Structure
2768;Data Structure-Utils-Test
2774;Dependency-UI
2778;Utils-Logging-Text Utility
2781;Dependency-UI-Text Utility
2791;Data Structure
2798;Data Structure-IO-UI-Test-Network-Utils
2809;Utils-Network-Data Structure-Dependency-UI
2813;Text Utility-UI-Network-Dependency-IO-Data-HTTP-Data Structure-Test-Logging-Utils
2814;Test-IO-Data Structure
2816;UI-Data Structure-Utils
2824;Data Structure
2826;IO-Utils-Data Structure-Logging-Network
2840;UI-Dependency-Utils
2841;Utils-UI-IO-Network-Logging-Data Structure
2845;Utils-IO-Data Structure-Logging-UI
2861;Network-IO-HTTP-Utils-Data Structure
2862;Utils-Data Structure-XML
2864;Utils-UI-Test-Data Structure
2865;Test-Utils
2873;UI
2875;UI
2878;IO-Logging-Utils-Data Structure
2882;Utils-UI-Logging-Dependency
2891;Data Structure-Test-Utils
2895;Utils-UI-Data Structure-IO-Test
2908;UI-Utils-Data Structure
2920;Logging-Concurrency-Data Structure-Utils
2921;UI-IO-Data-Utils-Data Structure-Network-Logging
2923;IO-Utils-Data-Concurrency-XML-Dependency-Logging-UI-Network-Data Structure
2926;IO-Utils-Test-Network-UI-Logging-Data Structure
2935;IO-Data Structure-XML-Logging-UI
2937;Utils-Data Structure-Logging-IO-Dependency-UI
2939;Data-UI-Utils-Data Structure-Logging-Network-IO
2943;IO-UI-Data Structure-Network-Utils-Logging
2952;Data Structure
2957;UI-Data Structure-Dependency-IO-Utils-Logging-Test
2959;Network-IO-UI-Data Structure-Test-Utils
2965;Utils-UI-Test-Data Structure
2971;Test-IO-Data Structure-UI-Utils-Dependency-Logging
2972;Dependency-Data Structure-Network-IO-UI-Utils-Logging-Data
2990;Utils-Test-UI-IO-XML-Concurrency-Network-Logging-Data Structure
2991;Utils-Logging-Data Structure
2992;UI-Monitoring-Network-Concurrency-Dependency-HTTP-Data Structure-Text Utility-Logging-Utils-IO
2995;Network-IO-Data Structure-Concurrency-Utils-Logging
2997;Data Structure-Utils-UI
3000;Test-Data Structure-UI-Utils-Logging
3002;UI-Utils-Data Structure-Dependency
3004;Logging-Network-Data Structure-IO-Concurrency-Utils
3005;Utils-Runtime-Data Structure-IO-UI-Dependency-Logging-Test
3007;Throws-Network-User Preferences-IO-Utils-Logging-Data Structure-UI-CommandLine
3008;Logging-Utils-IO-User Preferences-Network-Data Structure-UI-Throws
3009;IO-Data Structure-Test-UI-Utils
3012;Test-Utils
3015;Logging
3018;Concurrency-Network-Utils-Data Structure-XML-Logging-UI
3019;Logging-Utils-UI-Data Structure-IO
3022;IO-UI-Utils-Data Structure-Logging
3024;User Preferences-Dependency-Network-HTTP-Utils-Test-Logging-Throws-Monitoring-UI-Data Structure-IO
3030;Logging-Data Structure-Utils-UI
3037;IO-UI-Utils-Data Structure-Logging-Dependency
3048;HTTP-Utils-Network-IO-Data Structure
3060;Network-Utils-IO-Data Structure-UI-Logging
3069;UI-Data Structure-Utils
3078;Data Structure-Test-Logging-IO-Utils-UI-Runtime
3079;UI-IO-Logging-Utils-Data-Network-Data Structure
3083;Utils-User Preferences-Network-UI-IO-Data Structure-Dependency-Throws-Logging
3085;Network-HTTP-Utils-UI-Logging-Data Structure-IO-Monitoring
3089;Utils-Network-Memory
3090;Utils-Throws-CommandLine-UI-Text Utility-Dependency-Data Structure-Network-User Preferences-IO-Logging
3092;Throws-Utils-Logging-Dependency-Data Structure-IO-UI-User Preferences-Network
3093;Data Structure-Test-Concurrency-User Preferences-HTTP-XML-Logging-IO-Monitoring-Utils-Network-Throws-UI-Dependency
3094;Throws-User Preferences-Text Utility-IO-Test-Utils-Network-CommandLine-Monitoring-Dependency-XML-Data Structure-Logging-Memory-HTTP-Concurrency-UI
3095;Test-IO-Logging-UI-Memory-Dependency-User Preferences-Utils-Data Structure-Network-CommandLine-Text Utility-Throws
3096;Data Structure-Utils
3097;Data Structure-Dependency-UI-Logging-IO-Utils
3104;IO-UI-Utils-Logging-Data Structure-Dependency
3105;Dependency-Utils-UI-Memory-Data Structure-IO-Logging
3111;Dependency-UI-Data Structure
3116;UI-Logging-Dependency-Utils-Data Structure-IO
3120;UI-Data Structure
3128;Data Structure-UI-Utils
3137;Utils-UI-Data Structure
3141;UI-Utils-Data Structure
3147;Network-Text Utility-Utils-IO-Logging-UI-Data Structure
3149;Data Structure
3151;Data Structure-Utils-Test
3154;Text Utility-Utils-Data Structure-Logging-Dependency-UI
3156;IO-Utils-Logging-UI-Network-Data Structure
3158;Data Structure-Dependency-UI-Utils-Logging-Text Utility
3162;Utils-Text Utility-Logging-Test
3163;Utils-Text Utility-Logging
3169;Network-UI-Data Structure-Dependency-Logging-Utils-IO
3171;UI-Utils-Data Structure-IO-Logging
3182;Utils-Logging-UI-Runtime-Data Structure
3191;Test-Utils-Data Structure
3192;Network-Utils-IO-Test
3194;Data Structure-IO-Utils-Network-UI
3198;UI-IO-Utils-Test-Data Structure
3201;Utils-UI-Data Structure
3202;IO-Throws-Network-Data Structure-Dependency-Utils-CommandLine-Logging-Test-User Preferences-UI
3203;Utils-UI-Data Structure-Test
3204;User Preferences-Throws-UI-IO-Utils-Network-Logging-Data Structure
3205;UI-Utils-Logging-Data Structure-IO
3209;Data Structure-Utils-Test
3210;Logging-Utils-Data-Network-Data Structure-IO-UI
3211;IO-Utils-Data Structure-Logging
3214;Utils-Test-Data Structure
3218;Logging-Data Structure-Monitoring-Utils
3221;Test-Utils
3233;IO-Data Structure-Logging-Utils
3238;Runtime-UI-IO-Logging-Data Structure-CommandLine-Utils-Test
3240;UI-Logging-Runtime-Data Structure-Utils
3241;Data Structure-IO-Logging-Utils
3242;Data Structure-CommandLine-Logging
3243;Data Structure-Utils-Data-XML-IO-Logging
3245;Test-Data Structure
3246;Network-IO-Test
3248;Data Structure-UI-HTTP-Text Utility-IO-Utils-Logging-Network-Runtime-Test-Data-XML
3272;UI-IO-Utils-Data Structure-Network-Logging
3273;UI
3277;Data Structure-UI-IO-Utils-Network-Logging
3287;Data Structure
3288;UI
3303;Utils-Data Structure-IO
3305;Logging-IO-Utils-UI-Data Structure-Dependency
3308;Data Structure
3315;Concurrency-Logging-Utils-UI
3318;Data Structure-Utils-IO-Logging-UI
3320;Data Structure-Utils-Logging-UI-IO-Dependency
3325;Network-Utils-Data Structure-UI-Logging-IO
3327;Utils-Data Structure-Logging-Throws
3328;Dependency-UI-Utils
3329;Data Structure
3330;UI-CommandLine-Logging-IO-User Preferences-Data Structure-Throws-Network-Utils
3333;IO-Data Structure-Logging-UI-Dependency-Utils
3336;IO-HTTP-Network-Throws-Logging-UI-Database-Utils-Data Structure
3340;Utils-Dependency-UI
3343;Data Structure-IO-Logging
3351;Utils-UI-Network-Data Structure-IO-Logging
3353;Utils-Data Structure
3360;UI-Logging-IO-Utils-Data Structure
3364;Network-Utils-UI-Logging-Data Structure-IO
3368;IO-Test-Data Structure
3370;Utils-Data Structure
3378;Utils-Network-HTTP-Data-Data Structure
3387;Data Structure-Logging-Utils-IO-UI
3388;UI-Data Structure
3390;Logging-Text Utility-Dependency-Memory-UI-IO-Data Structure-Network-Utils
3394;UI-Dependency-Data Structure-Utils
3398;Logging-IO-UI-Utils-Data Structure-Dependency-Concurrency
3399;Data-Utils-Logging-Text Utility-Runtime-Database-IO-Concurrency-Latex-Network-Data Structure-XML-Throws-UI-Dependency-Test
3400;Logging-Throws-Data Structure-Utils-IO
3401;IO-Network-Utils-Data Structure-UI-Logging
3402;Network-IO-Utils-Data Structure-HTTP-Test
3403;Data Structure-UI-Utils-Network-IO
3404;Logging-Latex-Data-XML-Utils-Network-IO-Data Structure
3405;Utils-Data Structure-IO-Test
3407;UI-Data Structure-Utils
3418;Test-Utils-Logging-Network-CommandLine-IO-Data Structure-UI
3424;Utils-UI-Data Structure
3427;Data-Logging-Network-Data Structure-IO-Utils-UI
3428;Network-CommandLine-Logging-UI
3430;Logging-CommandLine-XML-Network-Data Structure-Concurrency-UI-Test-IO-Utils-Text Utility
3438;Network-UI-XML-Data Structure-Utils-Logging-Concurrency
3442;Test-Utils
3443;UI-Data Structure-Test
3444;Test-Logging-Utils-Data Structure-UI-IO
3445;IO-Test-Data Structure-Utils
3450;UI-Test
3454;Data Structure-UI
3457;IO-Data Structure-Logging-Concurrency-Test-Utils-Network
3459;UI-Utils-IO-Logging-Data Structure
3479;Data Structure-UI-Utils-IO-Test
3484;IO-UI-Utils-Logging-Network-Data Structure
3486;Data Structure-Utils-Dependency-IO-Logging-UI
3487;Data Structure
3496;Data Structure-Test
3497;Logging-Runtime-Data Structure-Utils-UI
3502;IO-Data Structure-UI-Utils-Network-Logging
3504;Utils-Data Structure-Dependency-IO-Throws-Logging-UI-Network-Runtime
3506;Dependency-Utils-Data Structure-UI-IO-Logging
3507;Utils-Data Structure-Data-Network-Logging-IO-UI
3508;UI-Dependency-Utils
3509;IO-Data Structure-Logging-Utils
3512;Data Structure-UI-Logging-Runtime-Utils
3521;Test-Utils
3523;Data Structure-Database-Logging-Network-Utils
3529;UI
3530;Test-UI-IO-Data Structure-Utils
3533;Utils-Data-Network-IO-XML-Latex-Logging-Data Structure
3536;Test-Utils
3539;UI-Data Structure-Logging
3541;UI-Utils-IO-Data Structure-Dependency
3551;Test-Data Structure-IO
3553;Dependency-UI-Utils-Data Structure
3569;User Preferences-Throws-Utils-Network-UI-Logging-IO-Data Structure
3574;Data Structure-Latex-Utils-Logging-IO
3578;Logging-Database-IO-Utils-Data Structure-UI
3581;IO-Network-Data Structure-HTTP-Test-Utils-Data
3583;Test-Data Structure-Utils
3585;IO-Runtime-Latex-Data Structure-Test-Memory-XML-Utils-Dependency-Text Utility-Monitoring-Security-Throws-UI-CommandLine-Database-Data-Logging-Concurrency-Network-HTTP-OpenOffice Documents-User Preferences
3588;IO-Utils-UI-Network-Data Structure-Logging
3591;XML-Test-Data Structure-UI-IO-Network-Data-Throws-Utils-Latex-Logging-CommandLine-User Preferences-Runtime
3597;Utils-Data Structure
3600;UI-Runtime-Utils-Data Structure-Logging
3603;Logging-IO-Data Structure-Utils-Network-XML-Data-Latex
3606;Data Structure-Logging-Utils-Network-IO
3612;Data Structure-Network-IO-UI-Utils-Logging
3620;UI-Dependency-Throws-User Preferences-Data Structure-Utils-Logging-IO-Network
3623;Logging-Data-Latex-Data Structure-Test-Runtime-XML-Network-Utils-IO-UI
3624;Logging-Utils-UI-Network-CommandLine
3632;Network-IO-Logging-User Preferences-Data Structure-Throws-UI-Utils
3635;IO-Test-Utils-Data Structure-UI
3636;Network-UI-Data Structure-Utils-IO-Logging
3637;Data Structure-XML-UI-Test-Network-IO-Utils-Logging
3638;UI-Data Structure
3642;Test-Data Structure-IO-Utils
3647;Network-Logging-Utils-UI-Data Structure-Runtime-IO
3654;Utils-Data Structure-Test
3656;XML-Text Utility-OpenOffice Documents-CommandLine-Test-HTTP-Latex-Security-Concurrency-Utils-User Preferences-Throws-Network-Data Structure-UI-Logging-Dependency-Memory-Runtime-Database-IO-Data
3658;Utils-IO-UI-Logging-Data Structure-Network
3661;Utils-Data Structure-Network-IO-Logging
3665;Utils-IO-Data Structure-Network-Test
3666;Logging-Data Structure-Network-Utils-UI-IO
3668;Test-Utils-Data Structure
3670;Logging-Utils-IO-Test-Data Structure
3675;Data Structure
3681;Utils-Logging-Concurrency-UI-Monitoring-Dependency-HTTP-Network-IO-Data Structure
3682;UI-Dependency-Utils-Logging
3683;HTTP-Monitoring-UI-Network-Concurrency-Logging-Dependency-Utils-IO-Data Structure
3684;Dependency-IO-Data Structure-Network-UI-HTTP-Monitoring-Utils-Concurrency-Logging
3688;IO-Utils-UI-Data Structure-Logging-Network
3690;IO-Network-Utils-UI-Data Structure-Test
3691;UI-Data Structure-Network-IO-Utils-Logging
3694;Data Structure-Utils-Test-Logging-Data-IO-Network-UI
3698;Utils-Logging-Dependency-UI-Data Structure-IO
3699;Utils-Concurrency-UI-IO-Data Structure-Logging
3700;Network-Logging-Test-Utils
3704;Logging-Dependency-Text Utility-Runtime-Concurrency-Utils-CommandLine-Data Structure-Network-IO-Test-XML-HTTP-UI
3708;Data Structure-Logging-UI-Utils-Runtime
3709;IO-UI-Data Structure-Test
3710;Utils-Test-Data-User Preferences-Network-Throws-UI-IO-Logging-Data Structure-Text Utility
3711;Database-Data Structure-Test-HTTP-Utils-IO
3713;Logging-Data-Data Structure-Utils-IO
3714;Dependency-UI-Logging-Utils-IO-Data Structure
3717;Concurrency-Data Structure-Logging
3718;Data Structure-Utils-Test
3720;UI-Data Structure
3724;Data Structure-Test
3729;Utils-UI-Logging-Data Structure-IO
3731;UI-Data Structure
3733;Logging-Data Structure-IO-Test-Database-Utils
3735;Data-Network-IO-Data Structure-Security-Concurrency-XML-Utils-Logging-UI
3744;Utils-Data Structure
3745;Test
3746;Utils
3751;UI-IO-Database-Logging-Data Structure
3760;Throws-Dependency-Utils-User Preferences-Data Structure-Concurrency-Logging-Test-Network-OpenOffice Documents-Data-Runtime-UI-Database-IO
3761;Data Structure-Utils-Logging
3762;Utils-Data Structure
3766;Utils-Test-IO-Data Structure
3767;Logging-Utils-UI-Runtime
3769;Runtime-Logging-Database-IO-Utils-User Preferences-Network-Throws-UI-Data Structure
3778;Utils-Data Structure-Network-IO-Logging-UI
3783;Throws-Logging-IO-Data Structure-Network-Utils-User Preferences-UI
3784;Logging-Network-Utils-UI-IO-Data Structure
3785;IO-UI-Utils-Data Structure-Network-Logging
3789;UI-Data Structure
3790;Logging-Utils-IO-Network-UI-Data Structure
3798;Data Structure-Throws-Logging-Text Utility-Utils-UI-IO-Dependency
3800;IO
3801;Data Structure-Logging-IO
3806;Utils-Data Structure-IO
3808;Utils-Network-Data Structure-IO-User Preferences-Logging-Throws-UI
3820;Logging-Utils-Throws-Data Structure
3821;Utils-Data Structure-Logging-Text Utility-IO-UI
3824;Utils-Data Structure-IO-Test
3825;Test-Data Structure-Utils-UI-IO
3826;Data Structure-UI-Utils-IO
3847;UI-Network-Utils-Logging-IO
3862;Dependency-Data-Text Utility-Test-IO-Data Structure-Network-Logging-UI-Utils
3863;Utils-UI-Logging-Data Structure-IO-Test-Network
3865;Data Structure-Concurrency-Utils-Network-Logging-IO
3871;Utils-Data Structure
3872;Data Structure-Utils-Logging-IO-UI
3878;Data Structure-Network-Logging-IO-Utils-Data
3881;Data-UI-Network-Concurrency-Logging-Data Structure-IO-Utils
3882;IO-Logging-Network-Data Structure-Concurrency-Utils
3883;IO-Runtime-Logging-Data Structure-Utils-Test-Dependency-UI
3884;Data Structure-UI-Test
3886;UI-Data Structure-Dependency-Text Utility-Utils
3887;Utils
3891;IO-UI-Utils-Logging-Network
3895;Data Structure-Utils
3899;Data Structure-Test
3904;Utils-IO-Network-Logging-Data Structure-UI
3907;Utils-Test-IO
3909;IO-Test-UI-Utils-Network-Data Structure
3911;Text Utility
3919;Data Structure-Utils
3927;Dependency-UI-Utils
3931;Logging-UI-Data Structure-IO-Utils-Network-Concurrency
3932;Utils-Data Structure-Test
3942;Network-UI-Data Structure-Utils-Logging-IO
3944;Data Structure-HTTP-Test-Network-Utils-IO-Logging-Data
3947;Data Structure-IO-Utils
3950;Data Structure-UI-Utils-Logging-Runtime
3954;User Preferences-Throws-Network-Data Structure-Logging-Utils-UI-IO
3964;Logging-Data-Utils-IO-Data Structure
3965;Logging-Utils-IO-UI-Data Structure
3967;Logging-Utils-IO-Data Structure-Network
3968;Data-Utils-Network-Logging-Data Structure-HTTP-IO
3970;Data Structure-Network-IO-Logging-Utils-Data-HTTP
3976;IO-Logging-Data Structure-Utils-UI-Dependency
3979;Logging-Data Structure-Text Utility-HTTP-Network-Utils-IO-Test-UI
3983;Utils-Data Structure-IO-Latex
3984;IO-Latex-Data Structure-Utils
3987;Text Utility-Utils-Logging-Test-Data Structure-IO
3988;HTTP-Utils-Network
3996;Data Structure-Utils-UI-IO-Logging
4002;Logging-Data Structure-IO-Database-UI
4004;UI-Utils
4011;Logging-Data Structure-IO-UI-Utils
4015;Dependency-Utils-UI-Latex-Test-Data-Runtime-Database-XML-Data Structure-Text Utility-Logging-Network-IO
4016;Utils-Logging-Test-IO-Network-Data Structure
4019;HTTP-Network-Utils
4030;Utils-Test
4031;Data Structure-Logging-UI-Network-Utils-Dependency-IO
4034;UI
4035;Dependency-UI
4037;Network-Utils-UI-Logging-IO-Data Structure
4039;Utils-Data Structure
4040;Dependency-UI
4043;Data Structure-Utils-Test
4044;Data Structure-Utils
4046;Utils
4047;CommandLine-Logging-Network-Data Structure-UI
4054;Logging-Throws-User Preferences-Utils-Data Structure
4056;UI-Utils-Runtime-Logging
4057;Data Structure-Logging-IO
4058;Text Utility-Utils-Data Structure-Test
4059;UI-Network-Data Structure-Logging-Utils-Concurrency-XML
4060;IO-UI
4061;Runtime-Text Utility-Dependency-Data Structure-Utils-UI-Logging
4068;Network-CommandLine-Logging-UI
4100;User Preferences-Test
4105;Data Structure
4106;Logging-Utils-IO-Database-Data Structure
4107;Data Structure-Throws-CommandLine-Dependency-Test-Database-Runtime-Monitoring-Utils-IO-Network-Text Utility-UI-HTTP-User Preferences-Logging
4109;Test-Logging-Text Utility-Data Structure-CommandLine-UI-Utils-HTTP-Runtime-User Preferences-Database-Throws-Monitoring-IO-Dependency-Network
4111;Utils-HTTP-IO-UI-Monitoring
4116;Data Structure-Test-Utils
4119;IO-Utils-UI-HTTP-Monitoring
4123;Data Structure-Logging-Utils-IO-Database
4124;Logging-Utils-IO-Database-Data Structure
4128;UI-Test-Data Structure-Network-Utils-IO
4141;Utils-Test-Logging-Data-Data Structure-Network-IO-HTTP
4157;Data Structure
4180;Utils-Data Structure-Network-Logging-Concurrency-IO
4182;UI-Utils-Data Structure
4184;Logging-Utils-Data Structure-Runtime-UI-IO-Network
4185;Network-IO-Data Structure-Test-Utils-HTTP
4189;Test-Data Structure-UI-IO-Utils
4191;UI-IO-Data Structure-Throws-HTTP-Utils-Logging-Data-Network-User Preferences
4203;Data Structure-UI
4208;UI-Dependency
4212;IO-Utils-Data Structure-UI
4216;Data Structure-HTTP-Network-IO-Logging-XML-Data-Utils
4225;Utils
4226;Data Structure-Utils-Logging
4234;Utils-Test
4245;IO-Logging-UI-Data Structure-Dependency-Utils-Network-Runtime
4246;Utils-Test-UI
4252;Utils-UI-IO-Data Structure
4253;UI
4255;UI-Data Structure-Utils
4258;Text Utility-IO-Test-Utils-Network-Data Structure-UI-Annotation -Data-XML-HTTP
4259;Logging-UI-Data Structure-Utils-IO
4260;Network-XML-Data Structure-Test-IO
4261;UI
4263;Utils-Logging-UI-Data Structure-Dependency-IO
4264;UI
4265;Data Structure-Utils-UI
4268;Data Structure-IO-Dependency-UI-Utils
4270;Data Structure-Utils-Test-Network-UI-Logging-IO
4275;IO-Text Utility-Network-User Preferences-Dependency-Database-Concurrency-Runtime-Throws-Data Structure-XML-Logging-UI-Utils-Test
4277;Dependency-UI
4278;Data Structure-Network-Logging-Utils-IO-UI
4280;Throws-User Preferences-IO-UI-Data Structure-Utils-Network-Logging
4281;Utils-IO-Data Structure
4282;Logging-Utils
4284;Network-IO-Throws-Utils-User Preferences-Test-Logging-UI-Data Structure
4289;UI
4290;IO-Data Structure-Test-Utils-Runtime-UI
4291;Data Structure-Test-IO
4299;IO-Data Structure-Utils
4309;UI-Network-Utils-Logging-Data Structure-Concurrency-IO
4311;Data Structure-IO-Dependency-Logging-Utils-Network-UI
4312;Logging-Utils-UI-IO-Data Structure-Network
4313;Data Structure-UI
4314;Network-Logging-IO-Utils-UI-Data Structure
4317;Test-UI-Data Structure-IO-Utils-Network-Logging-Data
4326;Logging-IO-Utils-Network-UI-Data Structure
4327;User Preferences-Logging-Utils-Throws-UI-Network-IO-Data Structure
4333;Dependency-Concurrency-Test-Logging-Data Structure-Text Utility-IO-Data-Utils-User Preferences-Memory-UI-Annotation -Throws-Network
4335;UI
4336;Network-IO-Logging-UI-Utils-Data Structure
4337;Data Structure
4338;Dependency-Data Structure-UI-Logging-Utils-IO
4341;Utils-Data Structure-IO
4346;Dependency-UI
4350;Test-Network-Data-Logging-UI-Dependency-Utils-Data Structure-IO
4351;UI-Logging-Database-Data Structure-IO
4354;Utils-Data Structure-Logging
4355;Utils
4367;IO-Network-Data-Data Structure-Utils-HTTP-Logging-XML
4368;Data-IO-Dependency-XML-Utils-HTTP-Data Structure-Network-UI-Logging-Test
4369;IO-Data Structure-Test
4372;UI-Network-Utils-IO-Logging
4379;IO-Data Structure-Test
4386;Data Structure-UI
4387;Logging-Utils-IO-Data Structure-Network-UI
4389;Utils-UI-Data Structure
4390;Data Structure-Utils-Dependency-UI
4394;Utils-UI-IO-Logging-Data Structure
4396;Data Structure-IO-Test
4397;Test-Data Structure-IO
4400;Utils
4404;UI-Data Structure-Utils
4405;Data Structure-Network-IO-Utils-UI-Logging
4406;Logging-Network-Utils-IO-UI
4408;UI-Dependency-Utils
4413;UI-Utils-Data Structure
4415;Utils-UI-Data Structure
4416;UI-Network-Logging-IO-Utils
4418;Data Structure
4419;UI-Utils-Data Structure
4426;Utils-Data Structure-Test-IO
4428;Utils-Data Structure-UI
4429;Utils-Text Utility-Dependency-Runtime-UI-Logging-Data Structure
4431;Utils-Latex-Network-Data Structure-IO
4439;Runtime-Utils-Text Utility-UI-Dependency-Data Structure-Logging
4443;UI-Utils-Network-Logging-IO
4444;Test-Data Structure-Utils
4448;Data Structure
4452;Data Structure-HTTP-Utils-Network-IO-Logging
4453;UI
4470;Dependency-UI-Runtime-Logging-Utils-Data Structure-Text Utility
4484;Data Structure-Logging-UI-Utils-IO
4492;IO-UI-Data Structure-Utils
4498;Utils-Test
4505;Data Structure-Utils-IO-Test
4507;Logging-Data Structure-UI-Utils
4518;Data Structure-IO-Test-Utils
4519;UI-Logging-IO-Utils-Data Structure
4520;Network-Utils-Database-Logging-Data Structure-Test
4531;Utils-Data Structure-UI
4533;Logging-IO-UI-Data Structure
4546;Data Structure-UI-Utils
4547;Network-Data Structure-IO-Utils
4549;Dependency-Runtime-UI-Logging-Text Utility-Utils-Data Structure
4553;Data Structure-IO
4554;Data Structure-IO-Test
4560;XML-Network-Data Structure-Logging-Concurrency-Utils-UI
4565;Logging
4577;Data Structure-Utils-IO-UI-Logging
4578;UI-IO-Data Structure-Database-Logging
4587;Data Structure-Logging-UI-Utils-IO
4596;Utils-Network-HTTP-IO-Data Structure-Logging
4601;Logging-Data Structure-Utils-Concurrency-Network-UI-IO
4602;IO-UI-Data Structure-Logging-Utils
4604;Data Structure-UI-Utils-Dependency
4605;Dependency-UI-Utils
4607;Dependency-IO-Utils-UI
4608;Logging-IO-Data Structure-Utils-UI-Text Utility
4613;Logging-UI-Data Structure-Utils-IO
4617;Utils-Data Structure-UI-Network-Logging-IO
4618;Utils-UI-IO-Logging-Data Structure-Network
4634;IO-Data Structure-Network-Test-Utils
4642;Utils
4644;Test-Network-IO-Data Structure-XML-Text Utility
4658;UI-Utils-Data Structure-Dependency
4660;IO-Utils-UI-Data Structure
4692;Monitoring-HTTP-IO-Utils-UI
4693;Data Structure-UI-Utils-Logging
4694;Logging-UI-Utils-Runtime-Data Structure
4696;Utils-UI-IO-Network-Logging-Database-Data Structure
4697;Logging-IO-Utils-Network-UI-Data Structure
4698;IO-Runtime-Logging-Data Structure-Data-Utils
4701;Dependency-User Preferences-Data Structure-IO-Network-Logging-UI-Utils-Throws
4702;Utils-Data Structure-Logging-IO
4707;Network-Throws-Logging-Data Structure-User Preferences-Utils-Dependency-IO-UI
4708;IO-User Preferences-Logging-UI-Data Structure-Throws-Utils-Network
4711;Logging-Latex-Database-IO-UI-Dependency-Throws-User Preferences-Utils-Network-Data Structure-Test-Runtime
4713;Utils-Logging-Data Structure
4715;Logging-Network-Dependency-User Preferences-Data Structure-Throws-UI-Utils-IO
4716;UI-IO-Utils-Data Structure-Network-Logging
4717;Utils-XML-Throws-JDK-CommandLine-Data-Data Structure-OpenOffice Documents-UI-Network-Latex-HTTP-Test-User Preferences-Dependency-Security-Runtime-Concurrency-Text Utility-Monitoring-IO-Database-Logging
4721;Data Structure-Logging-UI-IO
4722;Utils-Test-Data Structure
4726;Data Structure-Utils-IO-UI
4727;Data Structure-Data-Utils-Logging-UI-Network-IO
4729;HTTP-User Preferences-Runtime-Test-Network-UI-Dependency-XML-Data-Concurrency-IO-CommandLine-OpenOffice Documents-Data Structure-Security-Utils-Throws-Monitoring-Logging
4730;Utils
4731;Logging-Throws-UI-Data Structure-User Preferences-Utils-Test
4732;Utils
4738;IO-Logging-UI-Data Structure-Utils
4739;UI-Data Structure-Test
4741;Data Structure-Test-Utils-Logging
4742;Logging-Data Structure-Utils-Test
4743;IO-Utils-UI-Data Structure
4744;Network-UI-Utils-IO-Logging-Data Structure
4750;Test-JDK-Utils-Data Structure-IO
4753;IO-Test
4757;Data Structure-IO-Utils-UI
4758;UI-Data Structure-IO-Utils
4759;Dependency-UI-Utils
4760;Network-Data Structure-UI-IO-CommandLine-Logging
4761;IO-Network-Data Structure-Logging-CommandLine-UI
4768;Test-Utils
4769;Network-IO-Utils-UI-Logging-Data Structure
4779;Concurrency-Test-Utils-OpenOffice Documents-CommandLine-Text Utility-Runtime-Network-Data Structure-HTTP-Dependency-Data-Logging-IO-UI-Throws-Database
4780;Network-Data-Logging-UI-IO-Utils-Test-Data Structure
4784;Data Structure-Utils-UI-IO-Network-Logging
4787;Data Structure-Data-Logging-UI-Network-IO-Utils
4791;Data Structure-Utils-Logging-UI-IO
4792;IO-Utils-UI
4794;Logging-Network-IO-Data Structure-Utils-UI
4799;IO-Data Structure-UI-Utils
4801;UI-Utils-Data Structure-IO
4803;Logging
4806;Data Structure-Logging-Utils-IO-Network-UI
4807;Data Structure-Utils-UI
4813;Utils-Network-Data Structure-UI-IO-Logging
4815;Utils-Logging-Text Utility-Test-Data Structure-IO-Runtime-Network-Dependency-UI
4818;Data Structure-Utils-Logging-IO
4822;CommandLine-Logging-Network-UI-Data Structure-IO-Utils
4823;Data-Test-HTTP-Data Structure-Utils
4828;Logging-Utils-UI
4835;UI-Utils
4838;Dependency-UI-Data Structure-Text Utility-Runtime-Logging-Utils
4839;Logging-Utils-IO-Network-Data Structure
4847;Database-UI-Data Structure-Logging-IO
4848;Data Structure-Utils-Logging-IO-Test
4855;Concurrency-Network-Data Structure-IO-UI-Logging-Utils
4856;User Preferences-Logging-Utils-UI-IO-Throws-Data Structure-Network
4858;Logging-IO-Data Structure
4860;Utils-Network-IO-UI-Logging-Data Structure
4872;Network-Dependency-Data Structure-Concurrency-Logging-IO-UI-Utils
4876;UI-Security-XML-Data Structure-Logging-Dependency-Test-IO-Concurrency-Utils-Network-Data
4884;User Preferences-UI-Data Structure-Network-Utils-Logging-Throws-IO
4885;Dependency-UI-Data Structure
4890;IO-Utils-Test
4891;Data Structure-UI-IO-Dependency-Database-Security-Utils-Network-Logging-Data
4892;Data Structure-IO-Logging-Dependency-Database-UI-Security-Utils
4894;Data Structure-XML-Utils-Throws-HTTP-Dependency-Data-IO-UI-Text Utility-Network-Logging-Concurrency-Test
4896;Data Structure-UI-Utils
4897;UI-Utils-Data Structure
4898;Data Structure-Logging-IO-Throws-Dependency-User Preferences-Network-UI-Database-Utils
4904;Logging-Utils-IO-Data Structure
4910;UI-Utils-IO-Data Structure
4914;UI
4916;Data Structure-Utils-Test-Logging
4917;UI-Utils-Data Structure
4918;Test-Utils-Data Structure
4920;Logging-Utils-Data Structure
4921;Concurrency-Data Structure
4927;Data Structure-Utils
4931;Test-Data Structure-Utils
4933;Network-Utils-Logging-Data Structure-UI-IO
4935;Data Structure-IO-Logging-Utils
4943;Data Structure-IO-Utils-UI-Logging-Database
4950;Data-Utils-Data Structure-IO-Network-Logging-UI
4953;Runtime-Logging-UI-Data Structure-Utils
4956;IO-Data Structure-Data-Logging-Utils
4962;Logging-IO-UI-Network-Data Structure-Concurrency-Utils
4964;Utils-UI-Data Structure
4965;Test-Data-Utils-Data Structure-Network-Logging-UI-IO
4970;Network-IO-Logging-Utils-HTTP-Data Structure
4973;Database-Logging-Data Structure
4976;UI-IO-Logging-Utils-Network-Dependency-Data Structure
4979;Utils-Data Structure-Test-Concurrency-Logging-Data-IO-Database-UI-Network
4980;Throws-Runtime-Test-UI-Data Structure-CommandLine-Utils-Concurrency-IO-Logging-Network-Data-User Preferences
4981;Dependency-Data Structure-UI
4983;UI-Data Structure
4991;Data Structure-Utils
4993;UI-Runtime-Utils-Logging
4996;IO-Utils
4999;Network-CommandLine-Data Structure-Throws-Runtime-Utils-User Preferences-Logging-IO-Dependency-UI
5007;UI-Logging-IO-Data Structure-Utils
5010;Data Structure-UI
5011;Logging-Data Structure-IO-Network-Test-Utils
5014;Data Structure
5024;Utils-UI-Data Structure
5032;Utils-Logging-Network-IO-UI
5033;Text Utility-IO-UI-Data Structure
5034;Utils-Data Structure-UI-Logging
5040;Data Structure-Text Utility-Network-HTTP-Logging-UI-IO-Utils
5042;Network-Database-UI-Utils
5048;Utils-Data Structure-Logging-UI-IO
5054;UI-Monitoring-Utils-HTTP-IO
5056;UI-Utils-Data Structure
5057;Utils-Data Structure-UI
5058;Utils-Logging-Data Structure-Network-UI-IO
5062;Dependency-Data Structure-UI
5068;Concurrency-UI-IO-Dependency-Data Structure-Utils-Logging-Network
5070;UI-IO-Logging-Data Structure-Network-Dependency-Text Utility-Utils-Runtime-Data
5076;Logging-Test-HTTP-Utils-IO-UI-Network-Text Utility-Monitoring-Data Structure-User Preferences-Throws-Dependency
5086;Utils-Network-XML-Logging-UI-Data Structure-Concurrency
5101;Utils-Data Structure-Text Utility-IO
5103;Data Structure-Utils-UI-Dependency-Logging-IO
5110;Logging-Network-UI-IO-Concurrency-Utils-Data Structure
5118;UI-Concurrency-Logging-IO-Network-Data Structure-Utils
5121;UI-IO-Data Structure-Text Utility
5123;Logging-Dependency-IO-Data Structure-Network-Utils-UI
5125;Test-Utils
5131;Logging-User Preferences-HTTP-Utils-Dependency-Network-UI-Text Utility-Test-Data Structure-Data-IO-Throws
5132;Utils-Data Structure-Logging
5134;Utils-Logging-IO-UI-Data Structure
5135;IO-Utils-UI-Dependency
5137;Data Structure-Concurrency-Utils-Logging-Dependency-UI-IO
5138;Utils-IO-Logging-Data Structure-Test
5141;Data Structure-Dependency-UI-Utils-Logging
5142;IO-Utils-Test-Data Structure
5148;Network-XML-Text Utility-IO-Test-Data Structure
5150;Data Structure-Logging-UI-Utils
5155;IO-Data Structure-Logging-Utils
5167;IO-Utils-Concurrency-Logging-UI-Data Structure
5168;XML-Utils-Network-Logging-Text Utility-IO-Data Structure-Test
5170;Logging-Dependency-Network-IO-Data Structure-Concurrency-UI-Utils
5182;IO-Test
5184;XML-Logging-IO-Concurrency-Utils-Network-UI-Data-Security-Data Structure
5188;Data Structure-IO-UI
5190;UI-IO-Utils-Data Structure-Logging
5191;XML-Data-Network-UI-Security-Utils-IO-Concurrency-Data Structure-Logging
5192;UI-Dependency-Throws-IO-Test-Network-User Preferences-Data Structure-Runtime-Concurrency-Utils-Logging
5195;Test-Data Structure-Network-Utils-IO-Logging
5196;Data-HTTP-Network-Test-Data Structure-Security-Logging-IO-Utils
5197;Dependency-Logging-IO-Throws-Test-Network-Utils-Text Utility-UI-Data Structure
5200;Data Structure-Test-IO-Network
5201;Data Structure-UI-Utils-Dependency
5203;Concurrency-Utils-Logging-XML-Data Structure-HTTP-Dependency-Runtime-UI-Text Utility-Test-Database-IO-Network-Data
5204;UI-Logging-IO-Data Structure-Network-Utils
5206;Data Structure-Utils
5209;Utils-Data Structure
5210;Data Structure-UI-Text Utility-IO
5211;Text Utility-UI-Data Structure-IO
5213;Utils-UI-Logging-Data Structure
5214;Logging-Utils-UI-Data Structure
5215;IO-Network-UI-User Preferences-Logging-Utils-Data Structure-Throws
5216;UI-Network-IO-Utils-Data Structure-Concurrency-Logging
5217;IO-Utils-Network-Data Structure-Logging-Test
5218;UI-Logging-Network-IO-Utils-Data Structure
5219;Utils-Data Structure
5224;UI-Data Structure-Utils
5229;Utils-Data Structure
5230;Utils-Data Structure-UI-Text Utility-Logging
5235;Utils-Data Structure-CommandLine-Logging-Network-UI-Throws
5259;UI-Test
5264;Test-Dependency-Network-Utils-UI-Data Structure-Logging-IO
5266;Data Structure
5276;Network-Utils-Logging-Data Structure-Test
5280;Logging-UI-CommandLine-Network
5283;Data-Data Structure-Runtime-Utils-IO-Logging
5288;Utils-Test-Logging-Runtime-Data Structure-IO
5315;Dependency-Utils-UI
5325;UI-Logging-Dependency-Data Structure-Text Utility-IO-Runtime-Utils-Network
5326;UI-User Preferences-Throws-Data Structure-Runtime-Network-Utils-Dependency-Text Utility-IO-Logging
5328;Text Utility-Dependency-Runtime-UI-Data Structure-Utils-Logging
5329;UI-Data Structure-Utils-IO
5338;Utils-UI-Logging-IO-Data Structure-Network
5340;UI-IO-Logging-Utils-Data Structure
5347;User Preferences-Utils-Throws-UI-Data Structure-Dependency-Concurrency-IO-Logging-Database-Network
5351;Network-IO-Logging-Data Structure-Utils-UI
5352;Network-Utils-UI-Logging-IO-Data Structure
5354;Data Structure-Utils-UI
5355;Data Structure-IO-UI-Logging-Throws-Network-User Preferences-Utils
5356;UI-Logging-Data Structure-IO-Utils
5360;IO-Network-Utils-Logging-Data Structure-UI
5361;Data Structure-Logging-Utils-Concurrency-Database-IO-UI
5363;Logging-Database-UI-Data Structure-IO
5382;IO-Data Structure-Throws-Network-UI-User Preferences-Logging-Utils
5385;Utils-UI-Data Structure
5389;XML-Logging-Network-IO-Utils-Latex-Data-Data Structure
5392;Utils-Data Structure-UI-Dependency-Logging-Network-IO
5395;UI
5410;Concurrency-Security-IO-Network-UI-Data-Utils-Logging-Data Structure-XML
5421;UI-Logging-Data Structure-Throws-Utils-Dependency
5423;IO-Data Structure-Logging-UI-Database
5429;Logging-Utils-Network-IO-UI
5430;IO-Monitoring-Logging
5432;Utils-UI-Data Structure
5439;IO-Data Structure-UI-Data-Throws-Concurrency-XML-Network-Database-Utils-Dependency-Logging
5441;Utils-Concurrency-Logging-UI
5448;UI-IO-Data Structure-Utils
5454;Dependency-Data Structure-Utils-UI
5459;Data Structure-Utils-IO-UI
5470;Utils-Data Structure
5471;IO-Logging-Data Structure-Utils
5472;UI-Logging-XML-Utils
5477;Test-Data Structure-IO-Network-Utils
5481;UI-XML-Logging-Utils
5482;HTTP-Data Structure-Monitoring-Network-IO-Utils-Runtime-Logging-Test-UI
5483;Logging-Data Structure-UI-Database-IO
5487;HTTP-UI-Utils-IO-Monitoring
5495;Utils-Data Structure-HTTP-Network-Data
5497;Logging-IO-Test-XML-Utils-Data Structure-UI
5501;IO-HTTP-Network-Utils-Data Structure
5513;UI-Dependency-Data Structure
5514;Utils-Test-IO-Data Structure
5518;Data Structure-Test-Utils
5519;Logging-User Preferences-IO-Network-Throws-Data-Utils-Data Structure-UI-Test
5521;Test-Data Structure-IO
5525;UI-Dependency-Throws-Data Structure-IO-CommandLine-Test-Logging-Network-Utils
5531;Test-Data Structure-IO
5533;UI-Data Structure-Logging-Utils-IO
5538;IO-UI-Dependency-Data Structure-Utils-Logging
5539;Concurrency-Network-Test-Data Structure-UI-Logging-XML-Utils-Database-IO
5544;Test-Data Structure-Utils-User Preferences-Throws-Logging
5554;Logging-Dependency-IO-Utils-UI-Data Structure
5556;Data Structure-IO-UI-Utils
5558;Utils-Logging-Data Structure-Test
5563;Dependency-Logging-Data Structure-Utils-IO-UI
5578;Test-Utils-Data Structure
5581;Data-Network-Text Utility-IO-Data Structure-Logging-Utils-Test
5582;Test
5612;Utils-Data Structure-Test
5613;Utils-Runtime-Test-Data Structure-Logging-Network-HTTP
5627;Data Structure-Network-Utils-HTTP-Test-IO
5628;UI-Logging-Data Structure-Utils-IO-Network
5629;Logging-UI-IO-Network-Data Structure-Utils
5635;Logging-XML-Data-Data Structure-Network-IO-Security-Utils-Concurrency-Test-UI
5640;Test-Concurrency-Utils-XML-UI-Network-Logging-Data Structure-IO
5641;Utils
5646;UI-Utils-User Preferences-Logging-Throws-Network-Data Structure-IO
5655;CommandLine-Network-Logging-UI
5659;Test-Database-Data Structure-Utils
5665;IO-Data Structure-Utils
5666;Utils-Data Structure-IO
5667;Network-Utils-Data Structure-Logging-IO-UI
5669;Data Structure-IO-UI-Network-Logging-Utils
5670;IO-Throws-Logging-User Preferences-UI-Utils-Test-Data Structure-Network
5671;Utils-IO-Data Structure
5674;Test-Utils
5680;Network-Data Structure-Logging-Concurrency
5684;Network-Database-IO-Concurrency-HTTP-Data Structure-Test-UI-Logging-Data-Utils
5688;Data Structure-UI-Utils-Logging
5691;Data-Data Structure-Security-Network-Database-IO-UI-Logging-XML-Concurrency-Utils
5694;Logging-Utils-IO-Data Structure
5705;IO-Data Structure-Utils-Logging
5706;Logging-Utils-IO-Data Structure-UI-Network
5710;Utils
5715;Test-HTTP-IO-Network-Utils-Logging-Data Structure-Data
5716;IO-Network-Logging-UI-Data Structure-Utils
5717;Network-Logging-Database-Utils-UI-Data Structure-IO
