1,Throws-Logging-UI-User Preferences-Utils-Data Structure-IO-Network
7,IO-Utils-Throws-Logging-Network-UI-User Preferences-Data Structure
10,Data Structure-Utils
11,Utils-Text Utility-IO-Data Structure
15,Concurrency-Logging-Data Structure
18,IO-Network-User Preferences-Logging-Data Structure-UI-Throws-Utils-Dependency
19,Data Structure-IO-Logging-UI-Dependency-Utils
22,IO-Utils-Data Structure-Logging
24,Data Structure-Utils
27,Logging-Data-Data Structure-XML
29,Utils
32,Utils-Data Structure
35,Data Structure-Network-Utils-UI-IO-Logging-Throws-User Preferences
43,IO-Network-UI-Data Structure-Throws-Logging-User Preferences-Utils
44,Network-Data Structure-Logging-UI-User Preferences-IO-Utils-Throws
45,Data Structure-User Preferences-Throws-Logging-Network-IO-Utils-UI
46,Logging-Data Structure-Network-IO-Throws-UI-User Preferences-Utils
47,Data Structure
48,Logging-IO-Utils-UI-Network-Data Structure
49,Data Structure-Network-Logging-IO-UI-Utils
