1;Throws-Logging-UI-UserPreferences-Utils-DataStructure-IO-Network
7;IO-Utils-Throws-Logging-Network-UI-UserPreferences-DataStructure
10;DataStructure-Utils
11;Utils-TextUtility-IO-DataStructure
15;Concurrency-Logging-DataStructure
18;IO-Network-UserPreferences-Logging-DataStructure-UI-Throws-Utils-Dependency
19;DataStructure-IO-Logging-UI-Dependency-Utils
22;IO-Utils-DataStructure-Logging
24;DataStructure-Utils
27;Logging-Data-DataStructure-XML
29;Utils
31;Utils-TextUtility-DataStructure
32;Utils-DataStructure
35;DataStructure-Network-Utils-UI-IO-Logging-Throws-UserPreferences
43;IO-Network-UI-DataStructure-Throws-Logging-UserPreferences-Utils
44;Network-DataStructure-Logging-UI-UserPreferences-IO-Utils-Throws
45;DataStructure-UserPreferences-Throws-Logging-Network-IO-Utils-UI
46;Logging-DataStructure-Network-IO-Throws-UI-UserPreferences-Utils
47;DataStructure
48;Logging-IO-Utils-UI-Network-DataStructure